store_id,current_store_name,matched_legacy_name,match_grade,overall_match_score,distance_meters
1037,여의도역R,여의도역R,MATCH_HIGH,1.0,0.0
803,상암MBC,상암MBC,MATCH_HIGH,1.0,0.0
124,인천구월,인천구월,MATCH_HIGH,1.0,0.0
1287,광주지산유원지입구,광주지산유원지입구,MATCH_HIGH,1.0,0.0
690,부산서면중앙로,부산서면중앙로,MATCH_HIGH,1.0,0.0
1040,서울타워,서울타워,MATCH_HIGH,1.0,0.0
1694,송파마천사거리DT,송파마천사거리DT,MATCH_HIGH,1.0,0.0
1711,그랜드조선 부산,그랜드조선 부산,MATCH_HIGH,1.0,0.0
1713,서울웨이브아트센터,서울웨이브아트센터,MATCH_HIGH,1.0,0.0
1720,명동남산,명동남산,MATCH_HIGH,1.0,0.0
1807,센텀몰1F,센텀몰1F,MATCH_HIGH,1.0,0.0
1811,송도컨벤시아대로DT,송도컨벤시아대로DT,MATCH_HIGH,1.0,0.0
1814,세종충남대학교병원,세종충남대학교병원,MATCH_HIGH,1.0,0.0
2269,대전관저네거리,대전관저네거리,MATCH_HIGH,1.0,0.0
2296,오창2산단,오창2산단,MATCH_HIGH,1.0,0.0
2301,판교제2테크노밸리,판교제2테크노밸리,MATCH_HIGH,1.0,0.0
2169,용인IC DT,용인IC DT,MATCH_HIGH,1.0,0.0
2175,신풍역,신풍역,MATCH_HIGH,1.0,0.0
2177,창동역,창동역,MATCH_HIGH,1.0,0.0
2180,김포한강로DT,김포한강로DT,MATCH_HIGH,1.0,0.0
2183,수원조원DT,수원조원DT,MATCH_HIGH,1.0,0.0
2199,원주봉화산DT,원주봉화산DT,MATCH_HIGH,1.0,0.0
2201,포항두호DT,포항두호DT,MATCH_HIGH,1.0,0.0
2211,기장임랑원,기장임랑원,MATCH_HIGH,1.0,0.0
2212,울산송정,울산송정,MATCH_HIGH,1.0,0.0
2213,장안사거리,장안사거리,MATCH_HIGH,1.0,0.0
2216,대구범어푸르지오,대구범어푸르지오,MATCH_HIGH,1.0,0.0
2217,강남세곡DT,강남세곡DT,MATCH_HIGH,1.0,0.0
1687,동탄호수공원,동탄호수공원,MATCH_HIGH,1.0,0.0
1703,대구228중앙공원,대구228중앙공원,MATCH_HIGH,1.0,0.0
1714,당산역사거리,당산역사거리,MATCH_HIGH,1.0,0.0
1766,영도대교,영도대교,MATCH_HIGH,1.0,0.0
1769,강서구청사거리,강서구청사거리,MATCH_HIGH,1.0,0.0
1802,군자사거리,군자사거리,MATCH_HIGH,1.0,0.0
1810,포항포스코DT,포항포스코DT,MATCH_HIGH,1.0,0.0
2095,부산서동,부산서동,MATCH_HIGH,1.0,0.0
2141,용인신갈DT,용인신갈DT,MATCH_HIGH,1.0,0.0
2260,경주충효DT,경주충효DT,MATCH_HIGH,1.0,0.0
2118,용인모현DT,용인모현DT,MATCH_HIGH,1.0,0.0
2119,화성향남발안DT,화성향남발안DT,MATCH_HIGH,1.0,0.0
2120,검단신도시,검단신도시,MATCH_HIGH,1.0,0.0
2124,제주서귀포남원DT,제주서귀포남원DT,MATCH_HIGH,1.0,0.0
2128,평택비전DT,평택비전DT,MATCH_HIGH,1.0,0.0
2136,동두천송내DT,동두천송내DT,MATCH_HIGH,1.0,0.0
2170,제주평화로DT,제주평화로DT,MATCH_HIGH,1.0,0.0
2186,순천오천,순천오천,MATCH_HIGH,1.0,0.0
2189,대구파티마병원,대구파티마병원,MATCH_HIGH,1.0,0.0
2190,정관신도시DT,정관신도시DT,MATCH_HIGH,1.0,0.0
2194,송정역,송정역,MATCH_HIGH,1.0,0.0
1688,시흥은계,시흥은계,MATCH_HIGH,1.0,0.0
1689,야탑역사거리,야탑역사거리,MATCH_HIGH,1.0,0.0
1696,춘천온의,춘천온의,MATCH_HIGH,1.0,0.0
1698,분당궁내DT,분당궁내DT,MATCH_HIGH,1.0,0.0
1707,파주운정이마트,파주운정이마트,MATCH_HIGH,1.0,0.0
1712,성수낙낙,성수낙낙,MATCH_HIGH,1.0,0.0
1718,의정부이마트,의정부이마트,MATCH_HIGH,1.0,0.0
1815,동부산테마파크,동부산테마파크,MATCH_HIGH,1.0,0.0
2138,마산진동DT,마산진동DT,MATCH_HIGH,1.0,0.0
2154,속초금호DT,속초금호DT,MATCH_HIGH,1.0,0.0
2218,안산물의광장,안산물의광장,MATCH_HIGH,1.0,0.0
2224,경산무학,경산무학,MATCH_HIGH,1.0,0.0
2232,대구연경DT,대구연경DT,MATCH_HIGH,1.0,0.0
2246,답십리초교사거리,답십리초교사거리,MATCH_HIGH,1.0,0.0
2247,화양삼거리,화양삼거리,MATCH_HIGH,1.0,0.0
2248,대전송강,대전송강,MATCH_HIGH,1.0,0.0
2251,대구태전DT,대구태전DT,MATCH_HIGH,1.0,0.0
2254,평택팽성DT,평택팽성DT,MATCH_HIGH,1.0,0.0
2256,광주양산DT,광주양산DT,MATCH_HIGH,1.0,0.0
2266,인천경원대로DT,인천경원대로DT,MATCH_HIGH,1.0,0.0
2267,제주모슬포DT,제주모슬포DT,MATCH_HIGH,1.0,0.0
1700,천호대로길동,천호대로길동,MATCH_HIGH,1.0,0.0
1722,울산국가정원,울산국가정원,MATCH_HIGH,1.0,0.0
1795,부산대연못골,부산대연못골,MATCH_HIGH,1.0,0.0
1857,인천청라DT,인천청라DT,MATCH_HIGH,1.0,0.0
2257,대구월성네거리,대구월성네거리,MATCH_HIGH,1.0,0.0
2261,인천공항T1에어4F,인천공항T1에어4F,MATCH_HIGH,1.0,0.0
2270,오송파라곤,오송파라곤,MATCH_HIGH,1.0,0.0
2287,마포구청역,마포구청역,MATCH_HIGH,1.0,0.0
2298,수원탑동DT,수원탑동DT,MATCH_HIGH,1.0,0.0
2299,제천장락DT,제천장락DT,MATCH_HIGH,1.0,0.0
2351,케이스퀘어강남,케이스퀘어강남,MATCH_HIGH,1.0,0.0
2359,둔산이랜드피어,둔산이랜드피어,MATCH_HIGH,1.0,0.0
2198,더제주송당파크R,더제주송당파크R,MATCH_HIGH,1.0,0.0
2250,광주광천,광주광천,MATCH_HIGH,1.0,0.0
2275,수원고색동DT,수원고색동DT,MATCH_HIGH,1.0,0.0
2277,전주아중DT,전주아중DT,MATCH_HIGH,1.0,0.0
2280,영주가흥,영주가흥,MATCH_HIGH,1.0,0.0
2307,강동강일,강동강일,MATCH_HIGH,1.0,0.0
2311,용인고림DT,용인고림DT,MATCH_HIGH,1.0,0.0
2316,노원구청,노원구청,MATCH_HIGH,1.0,0.0
2317,제주한담해변DT,제주한담해변DT,MATCH_HIGH,1.0,0.0
2322,경기광주태전,경기광주태전,MATCH_HIGH,1.0,0.0
2324,양산신기DT,양산신기DT,MATCH_HIGH,1.0,0.0
1704,구미확장단지,구미확장단지,MATCH_HIGH,1.0,0.0
1705,대구각산역DT,대구각산역DT,MATCH_HIGH,1.0,0.0
1728,오산수청DT,오산수청DT,MATCH_HIGH,1.0,0.0
1734,파주야당DT,파주야당DT,MATCH_HIGH,1.0,0.0
1765,곤지암IC DT,곤지암IC DT,MATCH_HIGH,1.0,0.0
1777,여수마리나,여수마리나,MATCH_HIGH,1.0,0.0
1783,마곡나루공원,마곡나루공원,MATCH_HIGH,1.0,0.0
1788,광명롯데몰,광명롯데몰,MATCH_HIGH,1.0,0.0
1794,서대문역,서대문역,MATCH_HIGH,1.0,0.0
1796,김해금관대로DT,김해금관대로DT,MATCH_HIGH,1.0,0.0
1797,청량리역사,청량리역사,MATCH_HIGH,1.0,0.0
1808,신월동DT,신월동DT,MATCH_HIGH,1.0,0.0
2227,원주기업도시DT,원주기업도시DT,MATCH_HIGH,1.0,0.0
2242,청주주성,청주주성,MATCH_HIGH,1.0,0.0
2259,강릉주문진,강릉주문진,MATCH_HIGH,1.0,0.0
2268,도안레이크타워,도안레이크타워,MATCH_HIGH,1.0,0.0
2276,경기광주IC DT,경기광주IC DT,MATCH_HIGH,1.0,0.0
2285,성신여대입구역,성신여대입구역,MATCH_HIGH,1.0,0.0
2286,춘천후석로DT,춘천후석로DT,MATCH_HIGH,1.0,0.0
2290,신도림힐스테이트,신도림힐스테이트,MATCH_HIGH,1.0,0.0
2291,광주염주,광주염주,MATCH_HIGH,1.0,0.0
2292,남양화성로DT,남양화성로DT,MATCH_HIGH,1.0,0.0
2293,충남부여DT,충남부여DT,MATCH_HIGH,1.0,0.0
1684,동백이마트,동백이마트,MATCH_HIGH,1.0,0.0
1879,수원역AK R,수원역AK R,MATCH_HIGH,1.0,0.0
1883,수원종합운동장,수원종합운동장,MATCH_HIGH,1.0,0.0
1885,망원한강공원,망원한강공원,MATCH_HIGH,1.0,0.0
1894,구리토평DT,구리토평DT,MATCH_HIGH,1.0,0.0
2077,소사역,소사역,MATCH_HIGH,1.0,0.0
2079,광양마동DT,광양마동DT,MATCH_HIGH,1.0,0.0
2081,고척아이파크,고척아이파크,MATCH_HIGH,1.0,0.0
2191,대구신매역,대구신매역,MATCH_HIGH,1.0,0.0
2203,대구국가산단DT,대구국가산단DT,MATCH_HIGH,1.0,0.0
2333,수원경인일보,수원경인일보,MATCH_HIGH,1.0,0.0
2334,천안번영로DT,천안번영로DT,MATCH_HIGH,1.0,0.0
2338,더춘천의암호R,더춘천의암호R,MATCH_HIGH,1.0,0.0
2347,양산부산대학교병원,양산부산대학교병원,MATCH_HIGH,1.0,0.0
2348,광주시리단길,광주시리단길,MATCH_HIGH,1.0,0.0
2354,경산사동DT,경산사동DT,MATCH_HIGH,1.0,0.0
2364,창원대방,창원대방,MATCH_HIGH,1.0,0.0
2369,평창DT,평창DT,MATCH_HIGH,1.0,0.0
2372,센텀수영DT,센텀수영DT,MATCH_HIGH,1.0,0.0
2381,제주서귀포토평DT,제주서귀포토평DT,MATCH_HIGH,1.0,0.0
1799,부산만덕DT,부산만덕DT,MATCH_HIGH,1.0,0.0
1817,인천용일사거리DT,인천용일사거리DT,MATCH_HIGH,1.0,0.0
1820,전주IC DT,전주IC DT,MATCH_HIGH,1.0,0.0
1827,화성향남2지구,화성향남2지구,MATCH_HIGH,1.0,0.0
1875,안산삼성,안산삼성,MATCH_HIGH,1.0,0.0
1881,구리수택,구리수택,MATCH_HIGH,1.0,0.0
2297,포항초곡DT,포항초곡DT,MATCH_HIGH,1.0,0.0
2310,충북대캠퍼스,충북대캠퍼스,MATCH_HIGH,1.0,0.0
2312,에이펙스청라,에이펙스청라,MATCH_HIGH,1.0,0.0
2320,김포양촌역DT,김포양촌역DT,MATCH_HIGH,1.0,0.0
2321,부산미남역,부산미남역,MATCH_HIGH,1.0,0.0
2323,부산P.아울렛,부산P.아울렛,MATCH_HIGH,1.0,0.0
2326,가산어반워크,가산어반워크,MATCH_HIGH,1.0,0.0
2327,남양주행정타운,남양주행정타운,MATCH_HIGH,1.0,0.0
2331,강남청담빌딩,강남청담빌딩,MATCH_HIGH,1.0,0.0
2340,사이버한국외대,사이버한국외대,MATCH_HIGH,1.0,0.0
2344,용산아이파크몰1F,용산아이파크몰1F,MATCH_HIGH,1.0,0.0
1818,수지성복역,수지성복역,MATCH_HIGH,1.0,0.0
2193,서대전네거리,서대전네거리,MATCH_HIGH,1.0,0.0
2197,울산간절곶DT,울산간절곶DT,MATCH_HIGH,1.0,0.0
2200,가산케이에스,가산케이에스,MATCH_HIGH,1.0,0.0
2210,파주LGD,파주LGD,MATCH_HIGH,1.0,0.0
2243,루원앨리스빌,루원앨리스빌,MATCH_HIGH,1.0,0.0
2360,부산거제DT,부산거제DT,MATCH_HIGH,1.0,0.0
2391,군산디오션시티DT,군산디오션시티DT,MATCH_HIGH,1.0,0.0
2392,이케아강동,이케아강동,MATCH_HIGH,1.0,0.0
2394,마곡케이스퀘어,마곡케이스퀘어,MATCH_HIGH,1.0,0.0
2229,포천내촌DT,포천내촌DT,MATCH_HIGH,1.0,0.0
2245,압구정현대아파트,압구정현대아파트,MATCH_HIGH,1.0,0.0
2388,연신내역5번출구,연신내역5번출구,MATCH_HIGH,1.0,0.0
2464,대전죽동,,UNMATCHED,0.0,
2532,고양원당역,,UNMATCHED,0.0,
2537,낙성대역7번출구,,UNMATCHED,0.0,
2543,잠실래미안아이파크,,UNMATCHED,0.0,
2546,구의역,구의역,MATCH_HIGH,1.0,0.0
2551,남양주호평,,UNMATCHED,0.0,
2552,보라매역,,UNMATCHED,0.0,
2556,신포동신한은행,,UNMATCHED,0.0,
1685,김해율하신도시,김해율하신도시,MATCH_HIGH,1.0,0.0
1819,간석중앙공원DT,간석중앙공원DT,MATCH_HIGH,1.0,0.0
1823,장위뉴타운,장위뉴타운,MATCH_HIGH,1.0,0.0
1862,옥수,옥수,MATCH_HIGH,1.0,0.0
1863,사하장림DT,사하장림DT,MATCH_HIGH,1.0,0.0
2108,홍대동교,홍대동교,MATCH_HIGH,1.0,0.0
2114,연제이마트,연제이마트,MATCH_HIGH,1.0,0.0
2132,문정법조타운 한양타워,문정법조타운 한양타워,MATCH_HIGH,1.0,0.0
2182,전주만성DT,전주만성DT,MATCH_HIGH,1.0,0.0
2202,세종금강DT,세종금강DT,MATCH_HIGH,1.0,0.0
2204,청담역,청담역,MATCH_HIGH,1.0,0.0
2352,김포애기봉생태공원,김포애기봉생태공원,MATCH_HIGH,1.0,0.0
2353,파주교하,파주교하,MATCH_HIGH,1.0,0.0
2357,전주예수병원,전주예수병원,MATCH_HIGH,1.0,0.0
2358,암사역,암사역,MATCH_HIGH,1.0,0.0
2362,이천송정DT,이천송정DT,MATCH_HIGH,1.0,0.0
2366,대구감삼빌리브스카이,대구감삼빌리브스카이,MATCH_HIGH,1.0,0.0
2370,강릉중앙,강릉중앙,MATCH_HIGH,1.0,0.0
2371,압구정역사3번출구,압구정역사3번출구,MATCH_HIGH,1.0,0.0
2375,대부도DT,대부도DT,MATCH_HIGH,1.0,0.0
2377,대전복합터미널,대전복합터미널,MATCH_HIGH,1.0,0.0
2378,김포공항국제선,김포공항국제선,MATCH_HIGH,1.0,0.0
1821,화정호국로,화정호국로,MATCH_HIGH,1.0,0.0
1828,창원내서,창원내서,MATCH_HIGH,1.0,0.0
2410,세종예술의전당,세종예술의전당,MATCH_HIGH,1.0,0.0
2536,장승배기역,,UNMATCHED,0.0,
2538,뉴코아강남B1,,UNMATCHED,0.0,
2539,부산성모병원,,UNMATCHED,0.0,
2575,목동신목로,,UNMATCHED,0.0,
2582,분당이매촌,,UNMATCHED,0.0,
2587,안산사동DT,,UNMATCHED,0.0,
2588,울산매곡,,UNMATCHED,0.0,
2271,여의도TP타워,여의도TP타워,MATCH_HIGH,1.0,0.0
2272,여의도브라이튼,여의도브라이튼,MATCH_HIGH,1.0,0.0
2398,리저브도산,리저브도산,MATCH_HIGH,1.0,0.0
2430,한국은행교차로,한국은행교차로,MATCH_HIGH,1.0,0.0
2435,광양LF스퀘어3F,광양LF스퀘어3F,MATCH_HIGH,1.0,0.0
2439,뚝섬한강공원,뚝섬한강공원,MATCH_HIGH,1.0,0.0
2449,파주LGD GATE G,파주LGD GATE G,MATCH_HIGH,1.0,0.0
2559,위례중앙광장,,UNMATCHED,0.0,
2561,송파풍납,,UNMATCHED,0.0,
2576,둔촌포레온9,,UNMATCHED,0.0,
2584,속초터미널,,UNMATCHED,0.0,
2593,경주불국사코오롱호텔,,UNMATCHED,0.0,
2594,평택시청,,UNMATCHED,0.0,
1658,울산신정DT,울산신정DT,MATCH_HIGH,1.0,0.0
1762,더현대서울(B2)R,더현대서울(B2)R,MATCH_HIGH,1.0,0.0
1837,동탄디엠시티,동탄디엠시티,MATCH_HIGH,1.0,0.0
2384,갤러리아타임월드,갤러리아타임월드,MATCH_HIGH,1.0,0.0
2395,과천메가존,과천메가존,MATCH_HIGH,1.0,0.0
2413,이천마장DT,이천마장DT,MATCH_HIGH,1.0,0.0
2462,광주유스퀘어,,UNMATCHED,0.0,
2467,둔촌포레온스테이션5,,UNMATCHED,0.0,
2544,인천앨리웨이,,UNMATCHED,0.0,
1663,해운대중동역,해운대중동역,MATCH_HIGH,1.0,0.0
2530,수내양지마을,,UNMATCHED,0.0,
2595,부산신호,,UNMATCHED,0.0,
2597,대전교육청,,UNMATCHED,0.0,
2606,목동이마트,,UNMATCHED,0.0,
2607,안산성포,,UNMATCHED,0.0,
2615,고덕비즈밸리,,UNMATCHED,0.0,
2616,파주미래로,,UNMATCHED,0.0,
2617,파주목동,,UNMATCHED,0.0,
2618,송도오네스타,,UNMATCHED,0.0,
2619,용두역,,UNMATCHED,0.0,
1675,일산탄현동,일산탄현동,MATCH_HIGH,1.0,0.0
1826,목동10단지,목동10단지,MATCH_HIGH,1.0,0.0
2549,부산대병원C동,,UNMATCHED,0.0,
2553,천안단국대호수,,UNMATCHED,0.0,
2554,인천구월로데오,,UNMATCHED,0.0,
2557,영등포구청역5호선,,UNMATCHED,0.0,
2558,신정네거리역 1번출구,,UNMATCHED,0.0,
2574,의정부경의교차로,,UNMATCHED,0.0,
2579,송도학원가,,UNMATCHED,0.0,
2581,63 Sky Picnic,,UNMATCHED,0.0,
2585,울산이마트,,UNMATCHED,0.0,
2596,서산테크노밸리,,UNMATCHED,0.0,
2599,구산역3번출구,,UNMATCHED,0.0,
1739,산본역서부사거리,산본역서부사거리,MATCH_HIGH,1.0,0.0
1830,포포인츠명동,포포인츠명동,MATCH_HIGH,1.0,0.0
1832,센텀신세계3F,센텀신세계3F,MATCH_HIGH,1.0,0.0
1842,화성안녕DT,화성안녕DT,MATCH_HIGH,1.0,0.0
1843,올림픽공원북2문,올림픽공원북2문,MATCH_HIGH,1.0,0.0
1846,삼성동,삼성동,MATCH_HIGH,1.0,0.0
1847,서광주DT,서광주DT,MATCH_HIGH,1.0,0.0
1849,SSG랜더스필드1F,SSG랜더스필드1F,MATCH_HIGH,1.0,0.0
1852,동탄역롯데R,동탄역롯데R,MATCH_HIGH,1.0,0.0
1902,강남논현,강남논현,MATCH_HIGH,1.0,0.0
1954,미사역파라곤스퀘어,미사역파라곤스퀘어,MATCH_HIGH,1.0,0.0
1955,미사역그랑파사쥬,미사역그랑파사쥬,MATCH_HIGH,1.0,0.0
1999,서동탄DT,서동탄DT,MATCH_HIGH,1.0,0.0
2050,포항중앙로DT,포항중앙로DT,MATCH_HIGH,1.0,0.0
2436,대륭서초타워,대륭서초타워,MATCH_HIGH,1.0,0.0
2440,강남르피에드,강남르피에드,MATCH_HIGH,1.0,0.0
2445,동작대로,동작대로,MATCH_HIGH,1.0,0.0
2446,동대문역사문화공원역,동대문역사문화공원역,MATCH_HIGH,1.0,0.0
2451,리저브광화문,리저브광화문,MATCH_HIGH,1.0,0.0
1733,신중동,신중동,MATCH_HIGH,1.0,0.0
1767,서이초교사거리,서이초교사거리,MATCH_HIGH,1.0,0.0
1778,영등포시장교차로,영등포시장교차로,MATCH_HIGH,1.0,0.0
1789,대전용문DT,대전용문DT,MATCH_HIGH,1.0,0.0
1791,SSG랜더스필드2F,SSG랜더스필드2F,MATCH_HIGH,1.0,0.0
1840,남이섬,남이섬,MATCH_HIGH,1.0,0.0
1848,평택세교DT,평택세교DT,MATCH_HIGH,1.0,0.0
1851,서울양평역,서울양평역,MATCH_HIGH,1.0,0.0
1856,대전엑스포스카이,대전엑스포스카이,MATCH_HIGH,1.0,0.0
1858,서울안토,서울안토,MATCH_HIGH,1.0,0.0
1861,전주효천DT,전주효천DT,MATCH_HIGH,1.0,0.0
2399,울산선암DT,울산선암DT,MATCH_HIGH,1.0,0.0
2411,이수역13번출구,이수역13번출구,MATCH_HIGH,1.0,0.0
2421,평택안중서동대로DT,평택안중서동대로DT,MATCH_HIGH,1.0,0.0
1726,논산내동DT,논산내동DT,MATCH_HIGH,1.0,0.0
1738,춘의역DT,춘의역DT,MATCH_HIGH,1.0,0.0
1745,대구반월삼성,대구반월삼성,MATCH_HIGH,1.0,0.0
1749,중화역,중화역,MATCH_HIGH,1.0,0.0
1763,현대신촌,현대신촌,MATCH_HIGH,1.0,0.0
1770,영등포구청역,영등포구청역,MATCH_HIGH,1.0,0.0
1772,인하대역,인하대역,MATCH_HIGH,1.0,0.0
1774,안양이마트,안양이마트,MATCH_HIGH,1.0,0.0
1779,별다방,별다방,MATCH_HIGH,1.0,0.0
1787,명지퍼스트월드,명지퍼스트월드,MATCH_HIGH,1.0,0.0
1854,신세계대전B1,신세계대전B1,MATCH_HIGH,1.0,0.0
2404,순천향천안병원,순천향천안병원,MATCH_HIGH,1.0,0.0
2406,순천왕지DT,순천왕지DT,MATCH_HIGH,1.0,0.0
2420,대전상대동,대전상대동,MATCH_HIGH,1.0,0.0
1723,부천중동센트럴,부천중동센트럴,MATCH_HIGH,1.0,0.0
1736,시흥목감DT,시흥목감DT,MATCH_HIGH,1.0,0.0
1750,세종소담,세종소담,MATCH_HIGH,1.0,0.0
1752,테헤란로아남타워,테헤란로아남타워,MATCH_HIGH,1.0,0.0
1755,군산수송DT,군산수송DT,MATCH_HIGH,1.0,0.0
1775,대전구암DT,대전구암DT,MATCH_HIGH,1.0,0.0
1786,파주산내,파주산내,MATCH_HIGH,1.0,0.0
1864,강서NC,강서NC,MATCH_HIGH,1.0,0.0
1761,청주복대지웰,청주복대지웰,MATCH_HIGH,1.0,0.0
1793,창원파티마병원,창원파티마병원,MATCH_HIGH,1.0,0.0
1998,김포공항DT,김포공항DT,MATCH_HIGH,1.0,0.0
2017,진영신도시,진영신도시,MATCH_HIGH,1.0,0.0
2604,분당아름마을,,UNMATCHED,0.0,
2608,신사세로수길,,UNMATCHED,0.0,
2609,김포마송,,UNMATCHED,0.0,
2612,안양벽산사거리,,UNMATCHED,0.0,
2614,신곡시장,,UNMATCHED,0.0,
2623,부흥오거리,,UNMATCHED,0.0,
2628,인천소래포구역,,UNMATCHED,0.0,
1664,송도현대아울렛,송도현대아울렛,MATCH_HIGH,1.0,0.0
1996,구로구청,구로구청,MATCH_HIGH,1.0,0.0
2002,양원역,양원역,MATCH_HIGH,1.0,0.0
2342,봉천현대시장,봉천현대시장,MATCH_HIGH,1.0,0.0
2343,제주금악DT,제주금악DT,MATCH_HIGH,1.0,0.0
2400,목포해안로,목포해안로,MATCH_HIGH,1.0,0.0
2424,연희동,연희동,MATCH_HIGH,1.0,0.0
2427,판교놀유니버스,판교놀유니버스,MATCH_HIGH,1.0,0.0
2429,인천공항T2랜드1F,인천공항T2랜드1F,MATCH_HIGH,1.0,0.0
1679,목동트라팰리스,목동트라팰리스,MATCH_HIGH,1.0,0.0
1867,송파KT,송파KT,MATCH_HIGH,1.0,0.0
1869,문촌사거리,문촌사거리,MATCH_HIGH,1.0,0.0
2000,삼성역,삼성역,MATCH_HIGH,1.0,0.0
2001,합정푸르지오,합정푸르지오,MATCH_HIGH,1.0,0.0
2015,강일역,강일역,MATCH_HIGH,1.0,0.0
2025,대구앞산스카이타운,대구앞산스카이타운,MATCH_HIGH,1.0,0.0
2027,양주회정DT,양주회정DT,MATCH_HIGH,1.0,0.0
1887,대전용전DT,대전용전DT,MATCH_HIGH,1.0,0.0
1896,대전갈마DT,대전갈마DT,MATCH_HIGH,1.0,0.0
1907,익산동산DT,익산동산DT,MATCH_HIGH,1.0,0.0
1913,인천성모병원,인천성모병원,MATCH_HIGH,1.0,0.0
1926,장유율하,장유율하,MATCH_HIGH,1.0,0.0
1941,평택이마트,평택이마트,MATCH_HIGH,1.0,0.0
1956,진관DT,진관DT,MATCH_HIGH,1.0,0.0
2466,강동그란츠,,UNMATCHED,0.0,
2471,인천장제로,,UNMATCHED,0.0,
2489,안산선부역,,UNMATCHED,0.0,
2494,스타필드안성3F,,UNMATCHED,0.0,
2620,힐스테이트청량리,,UNMATCHED,0.0,
2621,창원팔용,창원팔용,MATCH_HIGH,1.0,0.0
2622,강남일원,,UNMATCHED,0.0,
2630,광명오리로,,UNMATCHED,0.0,
2633,개나리아파트사거리,,UNMATCHED,0.0,
2637,인천모래내시장,,UNMATCHED,0.0,
1870,남양주삼패,남양주삼패,MATCH_HIGH,1.0,0.0
1871,신탄진금강DT,신탄진금강DT,MATCH_HIGH,1.0,0.0
1888,인천도화DT,인천도화DT,MATCH_HIGH,1.0,0.0
1892,부산시청,부산시청,MATCH_HIGH,1.0,0.0
1910,한국민속촌DT,한국민속촌DT,MATCH_HIGH,1.0,0.0
1924,동탄IX타워,동탄IX타워,MATCH_HIGH,1.0,0.0
2480,우리은행본점B1F,,UNMATCHED,0.0,
2488,강남역5번출구호정빌딩,,UNMATCHED,0.0,
2492,마포역뉴매드,,UNMATCHED,0.0,
2505,그랜드조선제주,,UNMATCHED,0.0,
2518,김포공항국내선,,UNMATCHED,0.0,
2523,인천스퀘어원4F,,UNMATCHED,0.0,
2526,세종대,,UNMATCHED,0.0,
2529,한양대에리카,,UNMATCHED,0.0,
2638,서초역라이프재단,,UNMATCHED,0.0,
1659,서면문화로,서면문화로,MATCH_HIGH,1.0,0.0
1667,용인보정DT,용인보정DT,MATCH_HIGH,1.0,0.0
2042,녹번역,녹번역,MATCH_HIGH,1.0,0.0
2051,동대문디자인플라자,동대문디자인플라자,MATCH_HIGH,1.0,0.0
2423,대구월드컵대로DT,대구월드컵대로DT,MATCH_HIGH,1.0,0.0
2455,시청역11번출구,,UNMATCHED,0.0,
2473,광주운암,,UNMATCHED,0.0,
2474,월송리CC,,UNMATCHED,0.0,
2476,신논현역,신논현역,MATCH_HIGH,1.0,0.0
2477,대구교대DT,,UNMATCHED,0.0,
2478,인천논현역4번출구,,UNMATCHED,0.0,
2481,이천진리DT,,UNMATCHED,0.0,
1928,성수,성수,MATCH_HIGH,1.0,0.0
1929,남위례역,남위례역,MATCH_HIGH,1.0,0.0
1934,부천원종DT,부천원종DT,MATCH_HIGH,1.0,0.0
1937,경산하양DT,경산하양DT,MATCH_HIGH,1.0,0.0
1939,봉선이마트,봉선이마트,MATCH_HIGH,1.0,0.0
1940,마곡웰튼,마곡웰튼,MATCH_HIGH,1.0,0.0
1951,동탄타임테라스,동탄타임테라스,MATCH_HIGH,1.0,0.0
1957,일산하늘마을,일산하늘마을,MATCH_HIGH,1.0,0.0
1961,울산약사DT,울산약사DT,MATCH_HIGH,1.0,0.0
1967,시흥능곡역,시흥능곡역,MATCH_HIGH,1.0,0.0
1975,강남역신분당역사,강남역신분당역사,MATCH_HIGH,1.0,0.0
1976,인천테크노밸리,인천테크노밸리,MATCH_HIGH,1.0,0.0
2640,동대문현대아울렛,,UNMATCHED,0.0,
1691,송산그린시티,송산그린시티,MATCH_HIGH,1.0,0.0
1701,스타필드안성R,스타필드안성R,MATCH_HIGH,1.0,0.0
1899,순천이마트,순천이마트,MATCH_HIGH,1.0,0.0
1905,인천공촌DT,인천공촌DT,MATCH_HIGH,1.0,0.0
1914,평택고덕,평택고덕,MATCH_HIGH,1.0,0.0
1920,둔산삼성스토어,둔산삼성스토어,MATCH_HIGH,1.0,0.0
1922,성남모란DT,성남모란DT,MATCH_HIGH,1.0,0.0
1947,천안아산역,천안아산역,MATCH_HIGH,1.0,0.0
1911,원주단구DT,원주단구DT,MATCH_HIGH,1.0,0.0
2048,별내별가람역,별내별가람역,MATCH_HIGH,1.0,0.0
2082,울산 KTX,울산 KTX,MATCH_HIGH,1.0,0.0
1977,광양LF,광양LF,MATCH_HIGH,1.0,0.0
1982,안동옥동,안동옥동,MATCH_HIGH,1.0,0.0
2005,영도청학DT,영도청학DT,MATCH_HIGH,1.0,0.0
2022,아산모종,아산모종,MATCH_HIGH,1.0,0.0
2023,광주송정로,광주송정로,MATCH_HIGH,1.0,0.0
2026,대전유성NC,대전유성NC,MATCH_HIGH,1.0,0.0
2028,루원시티,루원시티,MATCH_HIGH,1.0,0.0
2035,노원상계,노원상계,MATCH_HIGH,1.0,0.0
2036,구로오류DT,구로오류DT,MATCH_HIGH,1.0,0.0
2037,상주무양DT,상주무양DT,MATCH_HIGH,1.0,0.0
2043,창원사파,창원사파,MATCH_HIGH,1.0,0.0
2437,강남파이낸스센터,강남파이낸스센터,MATCH_HIGH,1.0,0.0
2482,대구동성로SK리더스,,UNMATCHED,0.0,
2483,세종해밀DT,,UNMATCHED,0.0,
2485,양재하나로마트,,UNMATCHED,0.0,
2490,스타필드빌리지운정,,UNMATCHED,0.0,
2499,익산원광대,,UNMATCHED,0.0,
2503,부산대병원,,UNMATCHED,0.0,
2514,신논현역3번출구,,UNMATCHED,0.0,
2519,연세암병원,,UNMATCHED,0.0,
2521,다대포해수욕장,,UNMATCHED,0.0,
2522,한티역8번출구,,UNMATCHED,0.0,
1676,더양평DT,더양평DT,MATCH_HIGH,1.0,0.0
1950,봉천역,봉천역,MATCH_HIGH,1.0,0.0
1953,방학역,방학역,MATCH_HIGH,1.0,0.0
1959,김포걸포,김포걸포,MATCH_HIGH,1.0,0.0
1960,용인역북,용인역북,MATCH_HIGH,1.0,0.0
1971,제주공항DT,제주공항DT,MATCH_HIGH,1.0,0.0
1979,가산현대아울렛,가산현대아울렛,MATCH_HIGH,1.0,0.0
1994,시흥장현,시흥장현,MATCH_HIGH,1.0,0.0
2008,북울산삼성,북울산삼성,MATCH_HIGH,1.0,0.0
1695,광주비아DT,광주비아DT,MATCH_HIGH,1.0,0.0
1699,서면엠디엠타워,서면엠디엠타워,MATCH_HIGH,1.0,0.0
1702,대구율하,대구율하,MATCH_HIGH,1.0,0.0
1708,제주일도DT,제주일도DT,MATCH_HIGH,1.0,0.0
2029,화성향남DT,화성향남DT,MATCH_HIGH,1.0,0.0
2044,세종대로,세종대로,MATCH_HIGH,1.0,0.0
2047,대구종로고택,대구종로고택,MATCH_HIGH,1.0,0.0
2049,원주IC DT,원주IC DT,MATCH_HIGH,1.0,0.0
2052,하남감일,하남감일,MATCH_HIGH,1.0,0.0
2053,포천호국로DT,포천호국로DT,MATCH_HIGH,1.0,0.0
2055,왕십리역9번출구,왕십리역9번출구,MATCH_HIGH,1.0,0.0
2058,광주충장DT,광주충장DT,MATCH_HIGH,1.0,0.0
2402,남부순환로방배DT,남부순환로방배DT,MATCH_HIGH,1.0,0.0
2409,아산탕정DT,아산탕정DT,MATCH_HIGH,1.0,0.0
2531,잠실르엘,,UNMATCHED,0.0,
2020,천안대로DT,천안대로DT,MATCH_HIGH,1.0,0.0
2024,울산삼성,울산삼성,MATCH_HIGH,1.0,0.0
2032,부산구남역DT,부산구남역DT,MATCH_HIGH,1.0,0.0
2039,부천상동DT,부천상동DT,MATCH_HIGH,1.0,0.0
2045,목포용해DT,목포용해DT,MATCH_HIGH,1.0,0.0
2046,창원대로DT,창원대로DT,MATCH_HIGH,1.0,0.0
2054,수지구청역,수지구청역,MATCH_HIGH,1.0,0.0
2056,순천팔마DT,순천팔마DT,MATCH_HIGH,1.0,0.0
2057,언주역,언주역,MATCH_HIGH,1.0,0.0
2065,파주가람,파주가람,MATCH_HIGH,1.0,0.0
2068,지축역,지축역,MATCH_HIGH,1.0,0.0
2069,대구금호,대구금호,MATCH_HIGH,1.0,0.0
2524,한양대복지관,,UNMATCHED,0.0,
2525,경산신대부적,,UNMATCHED,0.0,
2527,산본이마트,,UNMATCHED,0.0,
2528,광명센트럴,,UNMATCHED,0.0,
2060,부천옥길DT,부천옥길DT,MATCH_HIGH,1.0,0.0
2063,전북김제DT,전북김제DT,MATCH_HIGH,1.0,0.0
2070,경동1960,경동1960,MATCH_HIGH,1.0,0.0
2072,전북남원DT,전북남원DT,MATCH_HIGH,1.0,0.0
2073,천안청당신도시,천안청당신도시,MATCH_HIGH,1.0,0.0
2083,아산탕정역,아산탕정역,MATCH_HIGH,1.0,0.0
2087,더북한산,더북한산,MATCH_HIGH,1.0,0.0
2092,전주이마트,전주이마트,MATCH_HIGH,1.0,0.0
2101,목포이마트,목포이마트,MATCH_HIGH,1.0,0.0
2102,계양구청,계양구청,MATCH_HIGH,1.0,0.0
2076,광릉수목원,광릉수목원,MATCH_HIGH,1.0,0.0
2080,울산주전비치,울산주전비치,MATCH_HIGH,1.0,0.0
2084,HD현대R&D센터,HD현대R&D센터,MATCH_HIGH,1.0,0.0
2086,사상이마트,사상이마트,MATCH_HIGH,1.0,0.0
2088,새절역,새절역,MATCH_HIGH,1.0,0.0
2091,기장일광DT,기장일광DT,MATCH_HIGH,1.0,0.0
2094,다산이마트,다산이마트,MATCH_HIGH,1.0,0.0
2096,동래허심청,동래허심청,MATCH_HIGH,1.0,0.0
2110,동탄신리천공원,동탄신리천공원,MATCH_HIGH,1.0,0.0
1997,동탄트레이더스,동탄트레이더스,MATCH_HIGH,1.0,0.0
2016,신세계천안아산,신세계천안아산,MATCH_HIGH,1.0,0.0
2018,동해IC DT,동해IC DT,MATCH_HIGH,1.0,0.0
2244,포항화진해수욕장,포항화진해수욕장,MATCH_HIGH,1.0,0.0
2104,청주서현,청주서현,MATCH_HIGH,1.0,0.0
2111,도봉로DT,도봉로DT,MATCH_HIGH,1.0,0.0
2113,광주풍암호수공원,광주풍암호수공원,MATCH_HIGH,1.0,0.0
2116,의왕삼동DT,의왕삼동DT,MATCH_HIGH,1.0,0.0
2133,강남역우송빌딩,강남역우송빌딩,MATCH_HIGH,1.0,0.0
2137,광교SK뷰레이크41F,광교SK뷰레이크41F,MATCH_HIGH,1.0,0.0
2140,거제장평,거제장평,MATCH_HIGH,1.0,0.0
2143,서울대입구역8번출구,서울대입구역8번출구,MATCH_HIGH,1.0,0.0
2146,세종반곡,세종반곡,MATCH_HIGH,1.0,0.0
2149,영남대학교의료원,영남대학교의료원,MATCH_HIGH,1.0,0.0
2152,대구현풍DT,대구현풍DT,MATCH_HIGH,1.0,0.0
2159,부산성모안과병원,부산성모안과병원,MATCH_HIGH,1.0,0.0
2160,수내역1번출구,수내역1번출구,MATCH_HIGH,1.0,0.0
2328,삼성전자DSR,삼성전자DSR,MATCH_HIGH,1.0,0.0
2329,창원경상대병원,창원경상대병원,MATCH_HIGH,1.0,0.0
2335,통영북신DT,통영북신DT,MATCH_HIGH,1.0,0.0
2336,칠곡경북대학교병원,칠곡경북대학교병원,MATCH_HIGH,1.0,0.0
2339,물왕호수,물왕호수,MATCH_HIGH,1.0,0.0
2346,뚝섬역교차로,뚝섬역교차로,MATCH_HIGH,1.0,0.0
2349,천안불당호반,천안불당호반,MATCH_HIGH,1.0,0.0
2355,부산사상광장로,부산사상광장로,MATCH_HIGH,1.0,0.0
2356,인천공항T1랜드B1,인천공항T1랜드B1,MATCH_HIGH,1.0,0.0
2361,대구두류역,대구두류역,MATCH_HIGH,1.0,0.0
2363,서대문적십자,서대문적십자,MATCH_HIGH,1.0,0.0
1933,계양BMW,계양BMW,MATCH_HIGH,1.0,0.0
1935,서귀포올레,서귀포올레,MATCH_HIGH,1.0,0.0
1978,진해부산신항,진해부산신항,MATCH_HIGH,1.0,0.0
2004,금정AK,금정AK,MATCH_HIGH,1.0,0.0
2030,수원청명,수원청명,MATCH_HIGH,1.0,0.0
2278,연산교차로,연산교차로,MATCH_HIGH,1.0,0.0
2367,용산이마트,용산이마트,MATCH_HIGH,1.0,0.0
2368,양재역신분당역사,양재역신분당역사,MATCH_HIGH,1.0,0.0
1903,내발산,내발산,MATCH_HIGH,1.0,0.0
2273,서여주IC DT,서여주IC DT,MATCH_HIGH,1.0,0.0
2279,이천IC DT,이천IC DT,MATCH_HIGH,1.0,0.0
2283,부산비프광장,부산비프광장,MATCH_HIGH,1.0,0.0
2295,인천공항T2랜드B1,인천공항T2랜드B1,MATCH_HIGH,1.0,0.0
2303,가산퍼블릭,가산퍼블릭,MATCH_HIGH,1.0,0.0
2304,송도첨단대로,송도첨단대로,MATCH_HIGH,1.0,0.0
2309,당진시청,당진시청,MATCH_HIGH,1.0,0.0
2313,갤러리아센터시티,갤러리아센터시티,MATCH_HIGH,1.0,0.0
2314,수유역5번출구,수유역5번출구,MATCH_HIGH,1.0,0.0
1680,나주혁신DT,나주혁신DT,MATCH_HIGH,1.0,0.0
1909,북가좌DT,북가좌DT,MATCH_HIGH,1.0,0.0
1921,타임빌라스수원,타임빌라스수원,MATCH_HIGH,1.0,0.0
1931,여주자유CC,여주자유CC,MATCH_HIGH,1.0,0.0
1936,자양역,자양역,MATCH_HIGH,1.0,0.0
1944,구리인창DT,구리인창DT,MATCH_HIGH,1.0,0.0
1952,전주호성DT,전주호성DT,MATCH_HIGH,1.0,0.0
1963,수색,수색,MATCH_HIGH,1.0,0.0
1968,영등포시장역,영등포시장역,MATCH_HIGH,1.0,0.0
2262,인천공항T2에어,인천공항T2에어,MATCH_HIGH,1.0,0.0
2263,반포원베일리,반포원베일리,MATCH_HIGH,1.0,0.0
2365,신촌로,신촌로,MATCH_HIGH,1.0,0.0
2258,울산남목DT,울산남목DT,MATCH_HIGH,1.0,0.0
2396,평촌한림대병원,평촌한림대병원,MATCH_HIGH,1.0,0.0
2403,양산통도사,양산통도사,MATCH_HIGH,1.0,0.0
2405,수원역AK B1,수원역AK B1,MATCH_HIGH,1.0,0.0
2432,남양주이마트,남양주이마트,MATCH_HIGH,1.0,0.0
2457,잠실학원사거리,,UNMATCHED,0.0,
2458,수원이목동DT,,UNMATCHED,0.0,
2461,무안오룡,,UNMATCHED,0.0,
2465,아라동사거리,,UNMATCHED,0.0,
2468,여의도IFC몰(L2)STREET,,UNMATCHED,0.0,
1682,천호사거리,천호사거리,MATCH_HIGH,1.0,0.0
1683,김포석모DT,김포석모DT,MATCH_HIGH,1.0,0.0
1876,군산조촌DT,군산조촌DT,MATCH_HIGH,1.0,0.0
1877,광명AK,광명AK,MATCH_HIGH,1.0,0.0
1886,용산전자랜드,용산전자랜드,MATCH_HIGH,1.0,0.0
1893,수원나혜석거리,수원나혜석거리,MATCH_HIGH,1.0,0.0
1895,창원중앙역,창원중앙역,MATCH_HIGH,1.0,0.0
1898,속초교동DT,속초교동DT,MATCH_HIGH,1.0,0.0
1916,충남도청,충남도청,MATCH_HIGH,1.0,0.0
1938,기흥테라타워,기흥테라타워,MATCH_HIGH,1.0,0.0
1948,성남모란삼성,성남모란삼성,MATCH_HIGH,1.0,0.0
1949,창원NC파크R,창원NC파크R,MATCH_HIGH,1.0,0.0
1758,연산트레이더스,연산트레이더스,MATCH_HIGH,1.0,0.0
1792,여수신월DT,여수신월DT,MATCH_HIGH,1.0,0.0
2325,삼성디스플레이SDR,삼성디스플레이SDR,MATCH_HIGH,1.0,0.0
2330,교대역3번출구,교대역3번출구,MATCH_HIGH,1.0,0.0
2332,서초태우빌딩,서초태우빌딩,MATCH_HIGH,1.0,0.0
2337,화성보통저수지,화성보통저수지,MATCH_HIGH,1.0,0.0
2345,망우동,망우동,MATCH_HIGH,1.0,0.0
2350,여수죽림,여수죽림,MATCH_HIGH,1.0,0.0
2373,용인처인휴게소,용인처인휴게소,MATCH_HIGH,1.0,0.0
2386,경희의료원,경희의료원,MATCH_HIGH,1.0,0.0
1686,창원유니시티,창원유니시티,MATCH_HIGH,1.0,0.0
1725,해운대 엑스더스카이,해운대 엑스더스카이,MATCH_HIGH,1.0,0.0
1732,송도캐슬파크,송도캐슬파크,MATCH_HIGH,1.0,0.0
1746,제주서해안로DT,제주서해안로DT,MATCH_HIGH,1.0,0.0
1776,포항세명기독병원,포항세명기독병원,MATCH_HIGH,1.0,0.0
1882,창원반림,창원반림,MATCH_HIGH,1.0,0.0
1891,경상대칠암캠퍼스,경상대칠암캠퍼스,MATCH_HIGH,1.0,0.0
2264,영랑호리조트,영랑호리조트,MATCH_HIGH,1.0,0.0
1878,시흥월곶,시흥월곶,MATCH_HIGH,1.0,0.0
2415,대구역,대구역,MATCH_HIGH,1.0,0.0
2573,신세계사우스시티9F,,UNMATCHED,0.0,
2580,고촌역1번출구,,UNMATCHED,0.0,
2586,역곡역북부,,UNMATCHED,0.0,
2590,파주운정역,,UNMATCHED,0.0,
2592,구리롯데캐슬,,UNMATCHED,0.0,
1729,서울대치과병원,서울대치과병원,MATCH_HIGH,1.0,0.0
1731,해운대좌동,해운대좌동,MATCH_HIGH,1.0,0.0
1743,평택대DT,평택대DT,MATCH_HIGH,1.0,0.0
1747,순천용당DT,순천용당DT,MATCH_HIGH,1.0,0.0
1759,용인마평DT,용인마평DT,MATCH_HIGH,1.0,0.0
1764,동광주DT,동광주DT,MATCH_HIGH,1.0,0.0
1768,세종아름,세종아름,MATCH_HIGH,1.0,0.0
1780,선유도역 1번출구,선유도역 1번출구,MATCH_HIGH,1.0,0.0
1781,진주혁신도시,진주혁신도시,MATCH_HIGH,1.0,0.0
1784,고양향동,고양향동,MATCH_HIGH,1.0,0.0
1880,아산권곡,아산권곡,MATCH_HIGH,1.0,0.0
2387,광주시청,광주시청,MATCH_HIGH,1.0,0.0
2390,평촌트리지아,평촌트리지아,MATCH_HIGH,1.0,0.0
2397,상도대로,상도대로,MATCH_HIGH,1.0,0.0
2401,판교위든타워,판교위든타워,MATCH_HIGH,1.0,0.0
2407,원그로브,원그로브,MATCH_HIGH,1.0,0.0
2412,유성선병원,유성선병원,MATCH_HIGH,1.0,0.0
1735,전주인후DT,전주인후DT,MATCH_HIGH,1.0,0.0
1744,의정부장암DT,의정부장암DT,MATCH_HIGH,1.0,0.0
1756,홍대역8번출구,홍대역8번출구,MATCH_HIGH,1.0,0.0
2255,용인고기동유원지,용인고기동유원지,MATCH_HIGH,1.0,0.0
2542,SSG.COM,,UNMATCHED,0.0,
2634,춘천한림대,,UNMATCHED,0.0,
2636,청주산남,,UNMATCHED,0.0,
2598,동탄산척,,UNMATCHED,0.0,
2602,광화문고려빌딩,,UNMATCHED,0.0,
2639,외대정문,외대정문,MATCH_HIGH,1.0,0.0
1884,남양주묵현DT,남양주묵현DT,MATCH_HIGH,1.0,0.0
1965,경산중산,경산중산,MATCH_HIGH,1.0,0.0
1969,부산동래,부산동래,MATCH_HIGH,1.0,0.0
1972,오산원동DT,오산원동DT,MATCH_HIGH,1.0,0.0
2130,판교역힐스테이트,판교역힐스테이트,MATCH_HIGH,1.0,0.0
2134,동탄여울공원,동탄여울공원,MATCH_HIGH,1.0,0.0
2153,대전용운,대전용운,MATCH_HIGH,1.0,0.0
2265,평택고덕에듀타운,평택고덕에듀타운,MATCH_HIGH,1.0,0.0
2418,용인남동DT,용인남동DT,MATCH_HIGH,1.0,0.0
2419,부산초량역,부산초량역,MATCH_HIGH,1.0,0.0
2431,양주광적DT,양주광적DT,MATCH_HIGH,1.0,0.0
2442,광주문화전당,,UNMATCHED,0.0,
2534,강남아이퀘스트,,UNMATCHED,0.0,
2535,나주금성관,,UNMATCHED,0.0,
2611,포항환호DT,,UNMATCHED,0.0,
1660,동숭길입구,동숭길입구,MATCH_HIGH,1.0,0.0
1668,묵동,묵동,MATCH_HIGH,1.0,0.0
1671,화성반월DT,화성반월DT,MATCH_HIGH,1.0,0.0
1677,자양이마트,자양이마트,MATCH_HIGH,1.0,0.0
2583,울산구영,,UNMATCHED,0.0,
2601,구로디지털교차로,,UNMATCHED,0.0,
1661,현대킨텍스,현대킨텍스,MATCH_HIGH,1.0,0.0
1662,의정부민락타운,의정부민락타운,MATCH_HIGH,1.0,0.0
1754,상일동역,상일동역,MATCH_HIGH,1.0,0.0
1757,해운대NC,해운대NC,MATCH_HIGH,1.0,0.0
2456,안동법원DT,,UNMATCHED,0.0,
2459,구월트레이더스,,UNMATCHED,0.0,
2572,돌곶이역4번출구,,UNMATCHED,0.0,
2578,창원이마트,,UNMATCHED,0.0,
2589,강서한강자이타워,,UNMATCHED,0.0,
2600,서초역1번출구,,UNMATCHED,0.0,
2605,방화사거리,,UNMATCHED,0.0,
2627,신세계타임스퀘어리빙관B2F,,UNMATCHED,0.0,
2632,광주상무,광주상무,MATCH_HIGH,1.0,0.0
1665,대전현대아울렛,대전현대아울렛,MATCH_HIGH,1.0,0.0
1669,화명강변DT,화명강변DT,MATCH_HIGH,1.0,0.0
1835,경기광주초월역DT,경기광주초월역DT,MATCH_HIGH,1.0,0.0
2545,대구알파시티,,UNMATCHED,0.0,
1670,경산임당역DT,경산임당역DT,MATCH_HIGH,1.0,0.0
1673,용산리첸시아,용산리첸시아,MATCH_HIGH,1.0,0.0
1674,몽촌토성역,몽촌토성역,MATCH_HIGH,1.0,0.0
1773,분당서현역AK R,분당서현역AK R,MATCH_HIGH,1.0,0.0
1804,하남풍산역,하남풍산역,MATCH_HIGH,1.0,0.0
1812,금정구서,금정구서,MATCH_HIGH,1.0,0.0
1829,대구가톨릭대학교병원,대구가톨릭대학교병원,MATCH_HIGH,1.0,0.0
1833,강북삼성병원1층,강북삼성병원1층,MATCH_HIGH,1.0,0.0
1834,천안업성레이크,천안업성레이크,MATCH_HIGH,1.0,0.0
1838,종로플레이스,종로플레이스,MATCH_HIGH,1.0,0.0
1839,가양역사거리,가양역사거리,MATCH_HIGH,1.0,0.0
1841,의왕롯데몰,의왕롯데몰,MATCH_HIGH,1.0,0.0
1844,다산DT,다산DT,MATCH_HIGH,1.0,0.0
1845,울산대학교병원,울산대학교병원,MATCH_HIGH,1.0,0.0
1859,판교아이스퀘어,판교아이스퀘어,MATCH_HIGH,1.0,0.0
1806,안성계동DT,안성계동DT,MATCH_HIGH,1.0,0.0
2383,조선대국제관,조선대국제관,MATCH_HIGH,1.0,0.0
2385,원주문막IC DT,원주문막IC DT,MATCH_HIGH,1.0,0.0
2389,응암역2번출구,응암역2번출구,MATCH_HIGH,1.0,0.0
2577,왕십리역사3F,,UNMATCHED,0.0,
2591,부산초읍,,UNMATCHED,0.0,
2603,별내자이,,UNMATCHED,0.0,
2610,종로익선,,UNMATCHED,0.0,
2629,강동경희대병원,,UNMATCHED,0.0,
1690,구로NC,구로NC,MATCH_HIGH,1.0,0.0
1692,그랜드센트럴,,UNMATCHED,0.0,
1715,범일동일타워,범일동일타워,MATCH_HIGH,1.0,0.0
1716,대치삼성,대치삼성,MATCH_HIGH,1.0,0.0
1785,동탄목동,동탄목동,MATCH_HIGH,1.0,0.0
1790,대구만촌이마트,대구만촌이마트,MATCH_HIGH,1.0,0.0
1800,강남세곡,강남세곡,MATCH_HIGH,1.0,0.0
1803,수원세류역DT,수원세류역DT,MATCH_HIGH,1.0,0.0
1809,정동,정동,MATCH_HIGH,1.0,0.0
1813,도산사거리,도산사거리,MATCH_HIGH,1.0,0.0
1831,센터필드R,센터필드R,MATCH_HIGH,1.0,0.0
1697,대구들안길DT,대구들안길DT,MATCH_HIGH,1.0,0.0
1719,인천주안DT,인천주안DT,MATCH_HIGH,1.0,0.0
1801,쌍문도봉로,쌍문도봉로,MATCH_HIGH,1.0,0.0
1860,고양원흥DT,고양원흥DT,MATCH_HIGH,1.0,0.0
2038,밀락더마켓,밀락더마켓,MATCH_HIGH,1.0,0.0
2059,영천완산DT,영천완산DT,MATCH_HIGH,1.0,0.0
2061,광주첨단DT,광주첨단DT,MATCH_HIGH,1.0,0.0
2062,신금호역,신금호역,MATCH_HIGH,1.0,0.0
2066,충남홍성DT,충남홍성DT,MATCH_HIGH,1.0,0.0
2089,용인한숲시티,용인한숲시티,MATCH_HIGH,1.0,0.0
2103,진해경화역DT,진해경화역DT,MATCH_HIGH,1.0,0.0
2428,강남차여성병원,강남차여성병원,MATCH_HIGH,1.0,0.0
1706,남양주화도DT,남양주화도DT,MATCH_HIGH,1.0,0.0
1709,고양행신,고양행신,MATCH_HIGH,1.0,0.0
1710,코엑스아셈타워,코엑스아셈타워,MATCH_HIGH,1.0,0.0
1717,전주신시가지,전주신시가지,MATCH_HIGH,1.0,0.0
1721,충북혁신도시,충북혁신도시,MATCH_HIGH,1.0,0.0
1798,서울역사,서울역사,MATCH_HIGH,1.0,0.0
1805,태릉입구역DT,태릉입구역DT,MATCH_HIGH,1.0,0.0
1850,구미문성DT,구미문성DT,MATCH_HIGH,1.0,0.0
1853,파주문산DT,파주문산DT,MATCH_HIGH,1.0,0.0
1855,신세계대전R,신세계대전R,MATCH_HIGH,1.0,0.0
2533,수지롯데캐슬하이브엘,,UNMATCHED,0.0,
2540,파주동패,,UNMATCHED,0.0,
2541,BIFC2,,UNMATCHED,0.0,
1873,수서역사거리,수서역사거리,MATCH_HIGH,1.0,0.0
1990,경리단길,경리단길,MATCH_HIGH,1.0,0.0
1992,대전목동DT,대전목동DT,MATCH_HIGH,1.0,0.0
1993,대구두산DT,대구두산DT,MATCH_HIGH,1.0,0.0
1995,인천옥련DT,인천옥련DT,MATCH_HIGH,1.0,0.0
2009,울산번영로DT,울산번영로DT,MATCH_HIGH,1.0,0.0
2115,부천역,부천역,MATCH_HIGH,1.0,0.0
2121,장유대청,장유대청,MATCH_HIGH,1.0,0.0
2125,개포동,개포동,MATCH_HIGH,1.0,0.0
2126,제주한라수목원DT,제주한라수목원DT,MATCH_HIGH,1.0,0.0
2441,익산부송,,UNMATCHED,0.0,
2444,여의도한강공원,여의도한강공원,MATCH_HIGH,1.0,0.0
2452,KT광화문웨스트B1F,,UNMATCHED,0.0,
2453,신림녹두거리,신림녹두거리,MATCH_HIGH,1.0,0.0
2463,금천금나래,,UNMATCHED,0.0,
1865,전주에코시티,전주에코시티,MATCH_HIGH,1.0,0.0
1866,대구대학교,대구대학교,MATCH_HIGH,1.0,0.0
1868,구로고척,구로고척,MATCH_HIGH,1.0,0.0
1872,구미광평DT,구미광평DT,MATCH_HIGH,1.0,0.0
1874,여의도원센티널,여의도원센티널,MATCH_HIGH,1.0,0.0
1919,동아대병원,동아대병원,MATCH_HIGH,1.0,0.0
1923,강릉율곡DT,강릉율곡DT,MATCH_HIGH,1.0,0.0
1927,독산역,독산역,MATCH_HIGH,1.0,0.0
1932,평택청북DT,평택청북DT,MATCH_HIGH,1.0,0.0
1942,청계크리스탈스퀘어,청계크리스탈스퀘어,MATCH_HIGH,1.0,0.0
1946,김해가야로DT,김해가야로DT,MATCH_HIGH,1.0,0.0
1693,화성봉담DT,화성봉담DT,MATCH_HIGH,1.0,0.0
2040,인천구월중앙,인천구월중앙,MATCH_HIGH,1.0,0.0
1824,양주옥정공원,양주옥정공원,MATCH_HIGH,1.0,0.0
1890,공주DT,공주DT,MATCH_HIGH,1.0,0.0
1897,중동삼성,중동삼성,MATCH_HIGH,1.0,0.0
1901,경주용강DT,경주용강DT,MATCH_HIGH,1.0,0.0
1904,청주분평DT,청주분평DT,MATCH_HIGH,1.0,0.0
1906,전남화순DT,전남화순DT,MATCH_HIGH,1.0,0.0
1908,더북한강R,더북한강R,MATCH_HIGH,1.0,0.0
1912,마산봉암로DT,마산봉암로DT,MATCH_HIGH,1.0,0.0
1915,하남시청역,하남시청역,MATCH_HIGH,1.0,0.0
1918,반포자이,반포자이,MATCH_HIGH,1.0,0.0
1945,중곡역,중곡역,MATCH_HIGH,1.0,0.0
1958,용인흥덕DT,용인흥덕DT,MATCH_HIGH,1.0,0.0
1836,사상엄궁DT,사상엄궁DT,MATCH_HIGH,1.0,0.0
2567,성대입구,성대입구,MATCH_HIGH,1.0,0.0
2569,순화동경찰청앞,,UNMATCHED,0.0,
1666,평택죽백DT,평택죽백DT,MATCH_HIGH,1.0,0.0
1672,제물포역DT,제물포역DT,MATCH_HIGH,1.0,0.0
1973,고양대로DT,고양대로DT,MATCH_HIGH,1.0,0.0
1980,화성남양DT,화성남양DT,MATCH_HIGH,1.0,0.0
2393,마곡보타닉게이트,마곡보타닉게이트,MATCH_HIGH,1.0,0.0
2560,울산무거,,UNMATCHED,0.0,
2562,대구용계DT,,UNMATCHED,0.0,
2570,부산사직역,,UNMATCHED,0.0,
1724,무교로,무교로,MATCH_HIGH,1.0,0.0
1737,춘천퇴계DT,춘천퇴계DT,MATCH_HIGH,1.0,0.0
1740,용산해링턴스퀘어,용산해링턴스퀘어,MATCH_HIGH,1.0,0.0
1741,마산월남동DT,마산월남동DT,MATCH_HIGH,1.0,0.0
1742,거제옥포DT,거제옥포DT,MATCH_HIGH,1.0,0.0
1751,의왕내손,의왕내손,MATCH_HIGH,1.0,0.0
1753,전남도청DT,전남도청DT,MATCH_HIGH,1.0,0.0
1760,대치한티,대치한티,MATCH_HIGH,1.0,0.0
1771,등촌대로,등촌대로,MATCH_HIGH,1.0,0.0
1822,대구칠성이마트,대구칠성이마트,MATCH_HIGH,1.0,0.0
2341,화성봉담2지구,화성봉담2지구,MATCH_HIGH,1.0,0.0
2374,진접역,진접역,MATCH_HIGH,1.0,0.0
2376,강릉아산병원,강릉아산병원,MATCH_HIGH,1.0,0.0
2380,거제상동DT,거제상동DT,MATCH_HIGH,1.0,0.0
2408,천안남부대로DT,천안남부대로DT,MATCH_HIGH,1.0,0.0
2414,광장마켓,광장마켓,MATCH_HIGH,1.0,0.0
2417,하단역2번출구,하단역2번출구,MATCH_HIGH,1.0,0.0
1985,대구팔공로DT,대구팔공로DT,MATCH_HIGH,1.0,0.0
1986,송파거여역,송파거여역,MATCH_HIGH,1.0,0.0
1987,디지털미디어시티역,디지털미디어시티역,MATCH_HIGH,1.0,0.0
2003,강서우장산,강서우장산,MATCH_HIGH,1.0,0.0
2006,광교더샵레이크시티,광교더샵레이크시티,MATCH_HIGH,1.0,0.0
2007,안양덕현DT,안양덕현DT,MATCH_HIGH,1.0,0.0
2010,고대안암병원,고대안암병원,MATCH_HIGH,1.0,0.0
2011,동탄라크몽,동탄라크몽,MATCH_HIGH,1.0,0.0
2012,김포구래DT,김포구래DT,MATCH_HIGH,1.0,0.0
2014,광화문교보문고,광화문교보문고,MATCH_HIGH,1.0,0.0
2019,안성서동대로DT,안성서동대로DT,MATCH_HIGH,1.0,0.0
2447,잠실트리지움,잠실트리지움,MATCH_HIGH,1.0,0.0
2448,삼성전자 구미2캠퍼스,삼성전자 구미2캠퍼스,MATCH_HIGH,1.0,0.0
2547,세종조치원,,UNMATCHED,0.0,
2565,대치선릉,,UNMATCHED,0.0,
2624,군포트레이더스,,UNMATCHED,0.0,
2625,강남서호빌딩,,UNMATCHED,0.0,
2626,의정부고산,,UNMATCHED,0.0,
2631,전주지방법원,,UNMATCHED,0.0,
1816,구리장자호수,구리장자호수,MATCH_HIGH,1.0,0.0
1825,송파NC,송파NC,MATCH_HIGH,1.0,0.0
1917,김해주촌DT,김해주촌DT,MATCH_HIGH,1.0,0.0
1925,건대후문,건대후문,MATCH_HIGH,1.0,0.0
1930,김포현대아울렛3층,김포현대아울렛3층,MATCH_HIGH,1.0,0.0
1943,충주교현DT,충주교현DT,MATCH_HIGH,1.0,0.0
1962,미금역2001아울렛,미금역2001아울렛,MATCH_HIGH,1.0,0.0
1964,네이버1784,네이버1784,MATCH_HIGH,1.0,0.0
1966,안동강변DT,안동강변DT,MATCH_HIGH,1.0,0.0
1970,아현역대로,아현역대로,MATCH_HIGH,1.0,0.0
1974,대구칠곡읍내DT,대구칠곡읍내DT,MATCH_HIGH,1.0,0.0
2228,동탄산단DT,동탄산단DT,MATCH_HIGH,1.0,0.0
2230,대구신천DT,대구신천DT,MATCH_HIGH,1.0,0.0
2241,동호로,동호로,MATCH_HIGH,1.0,0.0
2422,구의역이스트폴,구의역이스트폴,MATCH_HIGH,1.0,0.0
2433,신도림센터포인트,신도림센터포인트,MATCH_HIGH,1.0,0.0
2548,부평청천,,UNMATCHED,0.0,
1984,대구복현DT,대구복현DT,MATCH_HIGH,1.0,0.0
2013,화곡역8번출구,화곡역8번출구,MATCH_HIGH,1.0,0.0
2031,숙명여대정문,숙명여대정문,MATCH_HIGH,1.0,0.0
2033,대전신흥역DT,대전신흥역DT,MATCH_HIGH,1.0,0.0
2034,제주노형DT,제주노형DT,MATCH_HIGH,1.0,0.0
2064,수원정자사거리DT,수원정자사거리DT,MATCH_HIGH,1.0,0.0
2067,이대역,이대역,MATCH_HIGH,1.0,0.0
2071,울산일산비치DT,울산일산비치DT,MATCH_HIGH,1.0,0.0
2074,대구대천,대구대천,MATCH_HIGH,1.0,0.0
2075,제주노형로,제주노형로,MATCH_HIGH,1.0,0.0
2078,의정부송산역DT,의정부송산역DT,MATCH_HIGH,1.0,0.0
1981,대구이월드,대구이월드,MATCH_HIGH,1.0,0.0
1983,양산물금DT,양산물금DT,MATCH_HIGH,1.0,0.0
1988,평택이충DT,평택이충DT,MATCH_HIGH,1.0,0.0
1989,오크밸리,오크밸리,MATCH_HIGH,1.0,0.0
1991,삼락강변DT,삼락강변DT,MATCH_HIGH,1.0,0.0
2090,광주신창강변DT,광주신창강변DT,MATCH_HIGH,1.0,0.0
2093,대천해수욕장,대천해수욕장,MATCH_HIGH,1.0,0.0
2144,송도호반써밋,송도호반써밋,MATCH_HIGH,1.0,0.0
2145,광교갤러리아6F,광교갤러리아6F,MATCH_HIGH,1.0,0.0
2147,천안원성DT,천안원성DT,MATCH_HIGH,1.0,0.0
2470,인하대병원,,UNMATCHED,0.0,
2472,광주신창,,UNMATCHED,0.0,
2475,쌍문,,UNMATCHED,0.0,
2496,양천향교역,양천향교역,MATCH_HIGH,1.0,0.0
2501,수지메디파크,,UNMATCHED,0.0,
2511,거제사등,,UNMATCHED,0.0,
2513,광주계림,,UNMATCHED,0.0,
2517,신검단중앙역,,UNMATCHED,0.0,
2550,삼성휘문,,UNMATCHED,0.0,
2555,구리시청DT,,UNMATCHED,0.0,
2563,미금역6번출구,,UNMATCHED,0.0,
2085,경북도청대로,경북도청대로,MATCH_HIGH,1.0,0.0
2105,포항IC DT,포항IC DT,MATCH_HIGH,1.0,0.0
2106,서김해IC DT,서김해IC DT,MATCH_HIGH,1.0,0.0
2107,초읍대공원,초읍대공원,MATCH_HIGH,1.0,0.0
2109,스타필드마켓군산,,UNMATCHED,0.0,
2112,평택독곡DT,평택독곡DT,MATCH_HIGH,1.0,0.0
2117,오송바이오산업단지,오송바이오산업단지,MATCH_HIGH,1.0,0.0
2122,울산태화강역DT,울산태화강역DT,MATCH_HIGH,1.0,0.0
2123,고양덕은,고양덕은,MATCH_HIGH,1.0,0.0
2127,충북혁신덕산,충북혁신덕산,MATCH_HIGH,1.0,0.0
2129,이마트타워,이마트타워,MATCH_HIGH,1.0,0.0
2131,진주초전DT,진주초전DT,MATCH_HIGH,1.0,0.0
2487,양주덕계역,,UNMATCHED,0.0,
2491,전북대병원,,UNMATCHED,0.0,
2500,면목역,,UNMATCHED,0.0,
2502,부산역3번출구,,UNMATCHED,0.0,
2506,검단이마트,,UNMATCHED,0.0,
2512,강남역7번출구,,UNMATCHED,0.0,
2148,여주남한강DT,여주남한강DT,MATCH_HIGH,1.0,0.0
2155,수원화성행궁,수원화성행궁,MATCH_HIGH,1.0,0.0
2157,영남대학교의료원영의관,영남대학교의료원영의관,MATCH_HIGH,1.0,0.0
2162,쉐라톤그랜드인천,쉐라톤그랜드인천,MATCH_HIGH,1.0,0.0
2163,가평설악IC DT,가평설악IC DT,MATCH_HIGH,1.0,0.0
2164,포항법원DT,포항법원DT,MATCH_HIGH,1.0,0.0
2165,삼성바이오로직스,삼성바이오로직스,MATCH_HIGH,1.0,0.0
2173,강릉IC DT,강릉IC DT,MATCH_HIGH,1.0,0.0
2176,청주동남,청주동남,MATCH_HIGH,1.0,0.0
2178,서산석남DT,서산석남DT,MATCH_HIGH,1.0,0.0
2184,통영죽림,통영죽림,MATCH_HIGH,1.0,0.0
2438,대전LG에너지솔루션,대전LG에너지솔루션,MATCH_HIGH,1.0,0.0
2564,강릉역,,UNMATCHED,0.0,
2566,인천구월삼성생명,,UNMATCHED,0.0,
2568,부산양정,,UNMATCHED,0.0,
2571,북위례,,UNMATCHED,0.0,
2613,삼성전자센트럴파크,,UNMATCHED,0.0,
2097,인천관교DT,인천관교DT,MATCH_HIGH,1.0,0.0
2135,리버사이드대성리DT,리버사이드대성리DT,MATCH_HIGH,1.0,0.0
2139,광주각화DT,광주각화DT,MATCH_HIGH,1.0,0.0
2142,잠실본동,잠실본동,MATCH_HIGH,1.0,0.0
2156,둔산대덕대로,둔산대덕대로,MATCH_HIGH,1.0,0.0
2161,김포통진DT,김포통진DT,MATCH_HIGH,1.0,0.0
2166,목동SBS,목동SBS,MATCH_HIGH,1.0,0.0
2167,대구도남,대구도남,MATCH_HIGH,1.0,0.0
2168,시민공원역,시민공원역,MATCH_HIGH,1.0,0.0
2171,성남태평,성남태평,MATCH_HIGH,1.0,0.0
2172,익산어양,익산어양,MATCH_HIGH,1.0,0.0
2174,남천더샵,남천더샵,MATCH_HIGH,1.0,0.0
2179,의왕현대모비스,의왕현대모비스,MATCH_HIGH,1.0,0.0
2416,명지대,명지대,MATCH_HIGH,1.0,0.0
2425,커넥트현대청주,커넥트현대청주,MATCH_HIGH,1.0,0.0
2486,흥덕IT밸리,,UNMATCHED,0.0,
2495,위례창곡,,UNMATCHED,0.0,
2192,충무로,충무로,MATCH_HIGH,1.0,0.0
2195,충북도청,충북도청,MATCH_HIGH,1.0,0.0
2196,발산역5번출구,발산역5번출구,MATCH_HIGH,1.0,0.0
2206,제주세화DT,제주세화DT,MATCH_HIGH,1.0,0.0
2207,강서녹산DT,강서녹산DT,MATCH_HIGH,1.0,0.0
2208,불광역8번출구,불광역8번출구,MATCH_HIGH,1.0,0.0
2209,전주에코DT,전주에코DT,MATCH_HIGH,1.0,0.0
2214,수진역,수진역,MATCH_HIGH,1.0,0.0
2215,가천대학교,가천대학교,MATCH_HIGH,1.0,0.0
2219,청량리역롯데캐슬스카이,청량리역롯데캐슬스카이,MATCH_HIGH,1.0,0.0
2231,인천검단DT,인천검단DT,MATCH_HIGH,1.0,0.0
2382,길음뉴타운,길음뉴타운,MATCH_HIGH,1.0,0.0
2434,제주함덕해변,제주함덕해변,MATCH_HIGH,1.0,0.0
2443,군산경포천,,UNMATCHED,0.0,
2450,강변,,UNMATCHED,0.0,
2454,건대로데오,,UNMATCHED,0.0,
2460,현대울산B1,,UNMATCHED,0.0,
1681,일산동구청,일산동구청,MATCH_HIGH,1.0,0.0
2181,울산병영,울산병영,MATCH_HIGH,1.0,0.0
2187,구미인의DT,구미인의DT,MATCH_HIGH,1.0,0.0
2188,김천부곡DT,김천부곡DT,MATCH_HIGH,1.0,0.0
2205,제천하소DT,제천하소DT,MATCH_HIGH,1.0,0.0
2220,도봉구청,도봉구청,MATCH_HIGH,1.0,0.0
2221,부천상일로,부천상일로,MATCH_HIGH,1.0,0.0
2222,오산부산동DT,오산부산동DT,MATCH_HIGH,1.0,0.0
2223,계룡대실DT,계룡대실DT,MATCH_HIGH,1.0,0.0
2225,구리갈매DT,구리갈매DT,MATCH_HIGH,1.0,0.0
2469,광교상현역,,UNMATCHED,0.0,
2507,인천만수향촌,,UNMATCHED,0.0,
2508,파주해오름,,UNMATCHED,0.0,
2509,강남자곡,,UNMATCHED,0.0,
2515,서초우면,,UNMATCHED,0.0,
2516,충북진천DT,,UNMATCHED,0.0,
2098,대전문지,대전문지,MATCH_HIGH,1.0,0.0
2234,천안불당신도시,천안불당신도시,MATCH_HIGH,1.0,0.0
2236,수원성빈센트병원,수원성빈센트병원,MATCH_HIGH,1.0,0.0
2239,대전시청역8번출구,대전시청역8번출구,MATCH_HIGH,1.0,0.0
2240,원주시청,원주시청,MATCH_HIGH,1.0,0.0
2253,동탄북광장,동탄북광장,MATCH_HIGH,1.0,0.0
2274,문정역2번출구,문정역2번출구,MATCH_HIGH,1.0,0.0
2281,충북대학교병원,충북대학교병원,MATCH_HIGH,1.0,0.0
2282,여의도교직원공제회,여의도교직원공제회,MATCH_HIGH,1.0,0.0
2284,용호빌리브,용호빌리브,MATCH_HIGH,1.0,0.0
2288,염창대로,염창대로,MATCH_HIGH,1.0,0.0
2289,인스파이어리조트,인스파이어리조트,MATCH_HIGH,1.0,0.0
2479,마곡코엑스,,UNMATCHED,0.0,
2484,경주용황,,UNMATCHED,0.0,
2493,평택용이DT,,UNMATCHED,0.0,
2497,청담역6번출구,,UNMATCHED,0.0,
2498,의왕백운호수,,UNMATCHED,0.0,
2504,대전용산,,UNMATCHED,0.0,
2510,덕성여대,,UNMATCHED,0.0,
2520,호림아트센터,,UNMATCHED,0.0,
2150,포항송도,포항송도,MATCH_HIGH,1.0,0.0
2151,용인하갈DT,용인하갈DT,MATCH_HIGH,1.0,0.0
2158,더여수돌산DT,더여수돌산DT,MATCH_HIGH,1.0,0.0
2226,엘시티,엘시티,MATCH_HIGH,1.0,0.0
2233,대구방촌DT,대구방촌DT,MATCH_HIGH,1.0,0.0
2235,부산유엔공원,부산유엔공원,MATCH_HIGH,1.0,0.0
2237,스타필드수원1F,스타필드수원1F,MATCH_HIGH,1.0,0.0
2238,스타필드수원6F,스타필드수원6F,MATCH_HIGH,1.0,0.0
2249,연천전곡DT,연천전곡DT,MATCH_HIGH,1.0,0.0
2252,송산마도IC DT,송산마도IC DT,MATCH_HIGH,1.0,0.0
2379,용인양지IC DT,용인양지IC DT,MATCH_HIGH,1.0,0.0
2426,그랑서울,그랑서울,MATCH_HIGH,1.0,0.0
2641,대구수성구청역,,UNMATCHED,0.0,
1678,인천계산역DT,인천계산역DT,MATCH_HIGH,1.0,0.0
2021,부산사상로,부산사상로,MATCH_HIGH,1.0,0.0
2294,홍천DT,홍천DT,MATCH_HIGH,1.0,0.0
2300,판교도서관,판교도서관,MATCH_HIGH,1.0,0.0
2302,가나아트파크,가나아트파크,MATCH_HIGH,1.0,0.0
2305,장충라운지R,장충라운지R,MATCH_HIGH,1.0,0.0
2306,과천지식정보타운,과천지식정보타운,MATCH_HIGH,1.0,0.0
2308,여주프리미엄빌리지,여주프리미엄빌리지,MATCH_HIGH,1.0,0.0
2315,수원매탄,수원매탄,MATCH_HIGH,1.0,0.0
2318,문현이마트,문현이마트,MATCH_HIGH,1.0,0.0
2319,매봉역,매봉역,MATCH_HIGH,1.0,0.0
386,반야월이마트,반야월이마트,MATCH_HIGH,1.0,0.0
378,남포동역,남포동역,MATCH_HIGH,1.0,0.0
388,스타필드마켓동탄,스타필드마켓동탄,MATCH_HIGH,1.0,0.0
433,도산가로수길,도산가로수길,MATCH_HIGH,1.0,0.0
466,한성대입구역,한성대입구역,MATCH_HIGH,1.0,0.0
524,전북대,전북대,MATCH_HIGH,1.0,0.0
525,수원영통,수원영통,MATCH_HIGH,1.0,0.0
571,부산온천장역,부산온천장역,MATCH_HIGH,1.0,0.0
583,명동역,명동역,MATCH_HIGH,1.0,0.0
589,동탄광장,동탄광장,MATCH_HIGH,1.0,0.0
437,김해내동,김해내동,MATCH_HIGH,1.0,0.0
506,신세계의정부6F,신세계의정부6F,MATCH_HIGH,1.0,0.0
521,제주중문,제주중문,MATCH_HIGH,1.0,0.0
405,가든파이브,가든파이브,MATCH_HIGH,1.0,0.0
406,월평트레이더스,월평트레이더스,MATCH_HIGH,1.0,0.0
413,금정이마트,금정이마트,MATCH_HIGH,1.0,0.0
512,경북대,경북대,MATCH_HIGH,1.0,0.0
526,청주서문,청주서문,MATCH_HIGH,1.0,0.0
551,판교HIPEX,판교HIPEX,MATCH_HIGH,1.0,0.0
572,종로관수,종로관수,MATCH_HIGH,1.0,0.0
371,파주P.아울렛2F,,UNMATCHED,0.0,
436,월드마크센텀,월드마크센텀,MATCH_HIGH,1.0,0.0
539,오리역삼거리,오리역삼거리,MATCH_HIGH,1.0,0.0
558,안암역,안암역,MATCH_HIGH,1.0,0.0
573,여의도IFC(1F),여의도IFC(1F),MATCH_HIGH,1.0,0.0
383,경복궁사거리,경복궁사거리,MATCH_HIGH,1.0,0.0
490,마두역,마두역,MATCH_HIGH,1.0,0.0
550,경주보문로DT,경주보문로DT,MATCH_HIGH,1.0,0.0
562,시화로데오,시화로데오,MATCH_HIGH,1.0,0.0
576,센텀KNN,센텀KNN,MATCH_HIGH,1.0,0.0
598,강남에비뉴,강남에비뉴,MATCH_HIGH,1.0,0.0
599,김포장기,김포장기,MATCH_HIGH,1.0,0.0
495,센텀드림월드,센텀드림월드,MATCH_HIGH,1.0,0.0
585,수원성균관대,수원성균관대,MATCH_HIGH,1.0,0.0
587,스타필드마켓월계,,UNMATCHED,0.0,
596,노원역,노원역,MATCH_HIGH,1.0,0.0
475,가락시장역,가락시장역,MATCH_HIGH,1.0,0.0
516,산본동,산본동,MATCH_HIGH,1.0,0.0
438,부천상동,부천상동,MATCH_HIGH,1.0,0.0
440,판교H스퀘어,판교H스퀘어,MATCH_HIGH,1.0,0.0
444,신세계광주신관B1,신세계광주신관B1,MATCH_HIGH,1.0,0.0
478,명지오션시티,명지오션시티,MATCH_HIGH,1.0,0.0
528,건국클래식,건국클래식,MATCH_HIGH,1.0,0.0
529,구산역,구산역,MATCH_HIGH,1.0,0.0
543,인천논현,인천논현,MATCH_HIGH,1.0,0.0
546,합정메세나몰,합정메세나몰,MATCH_HIGH,1.0,0.0
393,분당이마트,분당이마트,MATCH_HIGH,1.0,0.0
409,청주터미널,청주터미널,MATCH_HIGH,1.0,0.0
472,마포이마트,마포이마트,MATCH_HIGH,1.0,0.0
541,화정역,화정역,MATCH_HIGH,1.0,0.0
542,현대충청,현대충청,MATCH_HIGH,1.0,0.0
554,원주터미널,원주터미널,MATCH_HIGH,1.0,0.0
557,군산대,군산대,MATCH_HIGH,1.0,0.0
568,포포인츠구로,,UNMATCHED,0.0,
387,양산이마트,양산이마트,MATCH_HIGH,1.0,0.0
420,인하대,인하대,MATCH_HIGH,1.0,0.0
430,논현힐탑,논현힐탑,MATCH_HIGH,1.0,0.0
432,서면트레이더스,서면트레이더스,MATCH_HIGH,1.0,0.0
535,아주대,아주대,MATCH_HIGH,1.0,0.0
563,충북대,충북대,MATCH_HIGH,1.0,0.0
574,중계역,중계역,MATCH_HIGH,1.0,0.0
577,대구동촌유원지,대구동촌유원지,MATCH_HIGH,1.0,0.0
461,통영이마트,통영이마트,MATCH_HIGH,1.0,0.0
467,구미공단,구미공단,MATCH_HIGH,1.0,0.0
513,시청,시청,MATCH_HIGH,1.0,0.0
517,광장,광장,MATCH_HIGH,1.0,0.0
469,정자아데나,정자아데나,MATCH_HIGH,1.0,0.0
498,광운대,광운대,MATCH_HIGH,1.0,0.0
500,하단중앙,하단중앙,MATCH_HIGH,1.0,0.0
504,해운대이마트,해운대이마트,MATCH_HIGH,1.0,0.0
578,대학로,대학로,MATCH_HIGH,1.0,0.0
590,부산동대신역,부산동대신역,MATCH_HIGH,1.0,0.0
457,여수여천,여수여천,MATCH_HIGH,1.0,0.0
505,신세계의정부2F,신세계의정부2F,MATCH_HIGH,1.0,0.0
565,선릉로,선릉로,MATCH_HIGH,1.0,0.0
325,포스코,포스코,MATCH_HIGH,1.0,0.0
326,충정타워,충정타워,MATCH_HIGH,1.0,0.0
327,서울교대,서울교대,MATCH_HIGH,1.0,0.0
330,종로3가,종로3가,MATCH_HIGH,1.0,0.0
331,강남대,강남대,MATCH_HIGH,1.0,0.0
342,여의도의사당,여의도의사당,MATCH_HIGH,1.0,0.0
295,타임스퀘어2F,타임스퀘어2F,MATCH_HIGH,1.0,0.0
296,수내역,수내역,MATCH_HIGH,1.0,0.0
301,마로니에공원,마로니에공원,MATCH_HIGH,1.0,0.0
316,르네상스사거리,르네상스사거리,MATCH_HIGH,1.0,0.0
338,압구정로데오역,압구정로데오역,MATCH_HIGH,1.0,0.0
333,구로하이엔드,구로하이엔드,MATCH_HIGH,1.0,0.0
355,광주봉선,광주봉선,MATCH_HIGH,1.0,0.0
361,서면중앙,서면중앙,MATCH_HIGH,1.0,0.0
401,이마빌딩,이마빌딩,MATCH_HIGH,1.0,0.0
460,군산수송,군산수송,MATCH_HIGH,1.0,0.0
476,분당정자,분당정자,MATCH_HIGH,1.0,0.0
497,강남비젼타워,강남비젼타워,MATCH_HIGH,1.0,0.0
501,수지풍덕천,수지풍덕천,MATCH_HIGH,1.0,0.0
509,미아역,미아역,MATCH_HIGH,1.0,0.0
511,동성로로데오,동성로로데오,MATCH_HIGH,1.0,0.0
540,노원KT,노원KT,MATCH_HIGH,1.0,0.0
544,대구범어제니스,대구범어제니스,MATCH_HIGH,1.0,0.0
549,까치산역,까치산역,MATCH_HIGH,1.0,0.0
556,포항시청,포항시청,MATCH_HIGH,1.0,0.0
580,서면메디컬거리,서면메디컬거리,MATCH_HIGH,1.0,0.0
349,대전호텔,대전호텔,MATCH_HIGH,1.0,0.0
306,아크로힐스논현,아크로힐스논현,MATCH_HIGH,1.0,0.0
353,신촌명물거리,신촌명물거리,MATCH_HIGH,1.0,0.0
329,영등포본동,영등포본동,MATCH_HIGH,1.0,0.0
345,경희대,경희대,MATCH_HIGH,1.0,0.0
346,부평역,부평역,MATCH_HIGH,1.0,0.0
354,구성트레이더스,구성트레이더스,MATCH_HIGH,1.0,0.0
356,청주지웰시티,청주지웰시티,MATCH_HIGH,1.0,0.0
350,수지이마트,수지이마트,MATCH_HIGH,1.0,0.0
314,주안역,주안역,MATCH_HIGH,1.0,0.0
351,경복궁역,경복궁역,MATCH_HIGH,1.0,0.0
352,종로관철,종로관철,MATCH_HIGH,1.0,0.0
360,포항영일대비치,포항영일대비치,MATCH_HIGH,1.0,0.0
343,오리역,오리역,MATCH_HIGH,1.0,0.0
344,석촌역,석촌역,MATCH_HIGH,1.0,0.0
358,망원역,망원역,MATCH_HIGH,1.0,0.0
364,가산브이타워,가산브이타워,MATCH_HIGH,1.0,0.0
381,웨스턴돔B,웨스턴돔B,MATCH_HIGH,1.0,0.0
384,서현역,서현역,MATCH_HIGH,1.0,0.0
389,상무역,상무역,MATCH_HIGH,1.0,0.0
394,신압구정,신압구정,MATCH_HIGH,1.0,0.0
414,타임스퀘어B2,타임스퀘어B2,MATCH_HIGH,1.0,0.0
418,수성레이크,수성레이크,MATCH_HIGH,1.0,0.0
422,서면센트럴스퀘어,서면센트럴스퀘어,MATCH_HIGH,1.0,0.0
453,연대동문,연대동문,MATCH_HIGH,1.0,0.0
462,서초동,서초동,MATCH_HIGH,1.0,0.0
479,이천터미널,이천터미널,MATCH_HIGH,1.0,0.0
487,충정로역,충정로역,MATCH_HIGH,1.0,0.0
502,대전가오,대전가오,MATCH_HIGH,1.0,0.0
503,가락본동,가락본동,MATCH_HIGH,1.0,0.0
375,여의도호성,여의도호성,MATCH_HIGH,1.0,0.0
382,을지로한국빌딩,을지로한국빌딩,MATCH_HIGH,1.0,0.0
379,광산수완,광산수완,MATCH_HIGH,1.0,0.0
380,상무치평,상무치평,MATCH_HIGH,1.0,0.0
464,창원용지호수,창원용지호수,MATCH_HIGH,1.0,0.0
515,안산트레이더스,안산트레이더스,MATCH_HIGH,1.0,0.0
519,서현N타운,서현N타운,MATCH_HIGH,1.0,0.0
520,동성로광장,동성로광장,MATCH_HIGH,1.0,0.0
522,동부이촌동,동부이촌동,MATCH_HIGH,1.0,0.0
536,대전테크노밸리,대전테크노밸리,MATCH_HIGH,1.0,0.0
547,성산일출봉,성산일출봉,MATCH_HIGH,1.0,0.0
559,수원인계,수원인계,MATCH_HIGH,1.0,0.0
579,인덕원역,인덕원역,MATCH_HIGH,1.0,0.0
584,용인보정,용인보정,MATCH_HIGH,1.0,0.0
594,분당서울대병원1,분당서울대병원1,MATCH_HIGH,1.0,0.0
595,분당서울대병원4,분당서울대병원4,MATCH_HIGH,1.0,0.0
395,범계로데오,범계로데오,MATCH_HIGH,1.0,0.0
402,순천조례,순천조례,MATCH_HIGH,1.0,0.0
442,산본역,산본역,MATCH_HIGH,1.0,0.0
470,전주경원,전주경원,MATCH_HIGH,1.0,0.0
477,광명철산,광명철산,MATCH_HIGH,1.0,0.0
482,광주용봉,광주용봉,MATCH_HIGH,1.0,0.0
485,장한평역,장한평역,MATCH_HIGH,1.0,0.0
486,강남GT타워,강남GT타워,MATCH_HIGH,1.0,0.0
489,익산영등,익산영등,MATCH_HIGH,1.0,0.0
510,성신여대,성신여대,MATCH_HIGH,1.0,0.0
553,대구서부정류장역,대구서부정류장역,MATCH_HIGH,1.0,0.0
555,마리오아울렛,마리오아울렛,MATCH_HIGH,1.0,0.0
570,경남대,경남대,MATCH_HIGH,1.0,0.0
582,정자,정자,MATCH_HIGH,1.0,0.0
434,동숭로아트,동숭로아트,MATCH_HIGH,1.0,0.0
439,송내역,송내역,MATCH_HIGH,1.0,0.0
471,역삼럭키,역삼럭키,MATCH_HIGH,1.0,0.0
481,대구성서,대구성서,MATCH_HIGH,1.0,0.0
484,코엑스사거리,코엑스사거리,MATCH_HIGH,1.0,0.0
493,상봉역,상봉역,MATCH_HIGH,1.0,0.0
530,마린시티아이파크,마린시티아이파크,MATCH_HIGH,1.0,0.0
569,광주진월,광주진월,MATCH_HIGH,1.0,0.0
575,부산괴정역,부산괴정역,MATCH_HIGH,1.0,0.0
581,소공로,소공로,MATCH_HIGH,1.0,0.0
496,제니스스퀘어,제니스스퀘어,MATCH_HIGH,1.0,0.0
385,천안이마트,천안이마트,MATCH_HIGH,1.0,0.0
396,교대법원,교대법원,MATCH_HIGH,1.0,0.0
397,홍대삼거리,홍대삼거리,MATCH_HIGH,1.0,0.0
415,야탑글라스,야탑글라스,MATCH_HIGH,1.0,0.0
417,동대구터미널,동대구터미널,MATCH_HIGH,1.0,0.0
443,연대,연대,MATCH_HIGH,1.0,0.0
452,부전역,부전역,MATCH_HIGH,1.0,0.0
468,서울대입구역,서울대입구역,MATCH_HIGH,1.0,0.0
491,을지로삼화타워,을지로삼화타워,MATCH_HIGH,1.0,0.0
492,천안두정,천안두정,MATCH_HIGH,1.0,0.0
508,강원대,강원대,MATCH_HIGH,1.0,0.0
591,올림픽아파트,올림픽아파트,MATCH_HIGH,1.0,0.0
126,대전시청역,대전시청역,MATCH_HIGH,1.0,0.0
128,대구계명대,대구계명대,MATCH_HIGH,1.0,0.0
131,창원시티세븐,창원시티세븐,MATCH_HIGH,1.0,0.0
132,서현미래에셋,서현미래에셋,MATCH_HIGH,1.0,0.0
134,이대ECC,이대ECC,MATCH_HIGH,1.0,0.0
297,건대입구,건대입구,MATCH_HIGH,1.0,0.0
307,사당역,사당역,MATCH_HIGH,1.0,0.0
308,비발디파크,비발디파크,MATCH_HIGH,1.0,0.0
323,문래동,문래동,MATCH_HIGH,1.0,0.0
322,연수이마트,연수이마트,MATCH_HIGH,1.0,0.0
83,현대동구,현대동구,MATCH_HIGH,1.0,0.0
84,마포아크로,마포아크로,MATCH_HIGH,1.0,0.0
25,서초역,서초역,MATCH_HIGH,1.0,0.0
10,숭실대,숭실대,MATCH_HIGH,1.0,0.0
28,구로에이스,구로에이스,MATCH_HIGH,1.0,0.0
30,신림타임스트림,신림타임스트림,MATCH_HIGH,1.0,0.0
34,대전탄방,대전탄방,MATCH_HIGH,1.0,0.0
36,구월길병원,구월길병원,MATCH_HIGH,1.0,0.0
254,수유역,수유역,MATCH_HIGH,1.0,0.0
985,광교이마트,광교이마트,MATCH_HIGH,1.0,0.0
257,용산아이파크몰6F,용산아이파크몰6F,MATCH_HIGH,1.0,0.0
986,일산백마,일산백마,MATCH_HIGH,1.0,0.0
987,동수원DT,동수원DT,MATCH_HIGH,1.0,0.0
258,선릉역,선릉역,MATCH_HIGH,1.0,0.0
259,압구정미소,압구정미소,MATCH_HIGH,1.0,0.0
260,은행동,은행동,MATCH_HIGH,1.0,0.0
766,명일이마트,명일이마트,MATCH_HIGH,1.0,0.0
266,GS타워,GS타워,MATCH_HIGH,1.0,0.0
366,과천,과천,MATCH_HIGH,1.0,0.0
370,숙대입구역,숙대입구역,MATCH_HIGH,1.0,0.0
45,종각,종각,MATCH_HIGH,1.0,0.0
46,스타필드마켓경산,스타필드마켓경산,MATCH_HIGH,1.0,0.0
53,정자상떼뷰,정자상떼뷰,MATCH_HIGH,1.0,0.0
55,춘천이마트,춘천이마트,MATCH_HIGH,1.0,0.0
57,현대미아,현대미아,MATCH_HIGH,1.0,0.0
58,삼성현대힐,삼성현대힐,MATCH_HIGH,1.0,0.0
61,전남대,전남대,MATCH_HIGH,1.0,0.0
63,수내,수내,MATCH_HIGH,1.0,0.0
66,여주P.아울렛,여주P.아울렛,MATCH_HIGH,1.0,0.0
69,신세계마산,신세계마산,MATCH_HIGH,1.0,0.0
86,춘천명동,춘천명동,MATCH_HIGH,1.0,0.0
87,마포일진빌딩,마포일진빌딩,MATCH_HIGH,1.0,0.0
88,상암DMC,상암DMC,MATCH_HIGH,1.0,0.0
89,부천플레이도시,부천플레이도시,MATCH_HIGH,1.0,0.0
90,엔터식스,엔터식스,MATCH_HIGH,1.0,0.0
984,대구죽곡,대구죽곡,MATCH_HIGH,1.0,0.0
94,동빙고,동빙고,MATCH_HIGH,1.0,0.0
95,창원상남동,창원상남동,MATCH_HIGH,1.0,0.0
97,몬테소리,몬테소리,MATCH_HIGH,1.0,0.0
98,구미인동,구미인동,MATCH_HIGH,1.0,0.0
100,서래마을입구,서래마을입구,MATCH_HIGH,1.0,0.0
103,남부터미널역5번출구,남부터미널역5번출구,MATCH_HIGH,1.0,0.0
104,팔레드시즈,팔레드시즈,MATCH_HIGH,1.0,0.0
106,황학캐슬,황학캐슬,MATCH_HIGH,1.0,0.0
989,선정릉역,선정릉역,MATCH_HIGH,1.0,0.0
3,학여울역,학여울역,MATCH_HIGH,1.0,0.0
6,둔산은하수,둔산은하수,MATCH_HIGH,1.0,0.0
19,아크플레이스,아크플레이스,MATCH_HIGH,1.0,0.0
20,여주P.아울렛입구,여주P.아울렛입구,MATCH_HIGH,1.0,0.0
23,영동2교,영동2교,MATCH_HIGH,1.0,0.0
24,신림,신림,MATCH_HIGH,1.0,0.0
268,롯데캐슬여의도,롯데캐슬여의도,MATCH_HIGH,1.0,0.0
767,미금역,미금역,MATCH_HIGH,1.0,0.0
270,아시아선수촌,아시아선수촌,MATCH_HIGH,1.0,0.0
272,포이,포이,MATCH_HIGH,1.0,0.0
274,대치역,대치역,MATCH_HIGH,1.0,0.0
275,강남구청역,강남구청역,MATCH_HIGH,1.0,0.0
276,갤러리아팰리스,갤러리아팰리스,MATCH_HIGH,1.0,0.0
277,하이브랜드,하이브랜드,MATCH_HIGH,1.0,0.0
278,큰길타워,큰길타워,MATCH_HIGH,1.0,0.0
279,구역삼사거리,구역삼사거리,MATCH_HIGH,1.0,0.0
283,압구정로,압구정로,MATCH_HIGH,1.0,0.0
289,남산단암,남산단암,MATCH_HIGH,1.0,0.0
190,현대목동,현대목동,MATCH_HIGH,1.0,0.0
192,안양일번가,안양일번가,MATCH_HIGH,1.0,0.0
203,고대,고대,MATCH_HIGH,1.0,0.0
109,주얼리시티,주얼리시티,MATCH_HIGH,1.0,0.0
111,스페이스본,스페이스본,MATCH_HIGH,1.0,0.0
137,신세계사우스시티3F,,UNMATCHED,0.0,
139,건대스타시티,건대스타시티,MATCH_HIGH,1.0,0.0
140,벡스코,벡스코,MATCH_HIGH,1.0,0.0
141,연세종합관,연세종합관,MATCH_HIGH,1.0,0.0
206,현대중동,현대중동,MATCH_HIGH,1.0,0.0
207,교대,교대,MATCH_HIGH,1.0,0.0
209,동아수성,동아수성,MATCH_HIGH,1.0,0.0
211,잠실역,잠실역,MATCH_HIGH,1.0,0.0
213,퍼시픽타워,퍼시픽타워,MATCH_HIGH,1.0,0.0
214,강남서초초교,강남서초초교,MATCH_HIGH,1.0,0.0
117,뉴코아야탑,뉴코아야탑,MATCH_HIGH,1.0,0.0
120,은행사거리,은행사거리,MATCH_HIGH,1.0,0.0
158,압구정역,압구정역,MATCH_HIGH,1.0,0.0
160,한양대,한양대,MATCH_HIGH,1.0,0.0
161,화정,화정,MATCH_HIGH,1.0,0.0
162,하버타운,하버타운,MATCH_HIGH,1.0,0.0
170,선릉세화빌딩,선릉세화빌딩,MATCH_HIGH,1.0,0.0
174,뉴코아강남,뉴코아강남,MATCH_HIGH,1.0,0.0
149,이대,이대,MATCH_HIGH,1.0,0.0
153,여의도,여의도,MATCH_HIGH,1.0,0.0
178,광화문,광화문,MATCH_HIGH,1.0,0.0
180,삼성,삼성,MATCH_HIGH,1.0,0.0
181,태평로,태평로,MATCH_HIGH,1.0,0.0
187,문화일보,문화일보,MATCH_HIGH,1.0,0.0
188,충장서림,충장서림,MATCH_HIGH,1.0,0.0
177,신촌,신촌,MATCH_HIGH,1.0,0.0
179,무교동,무교동,MATCH_HIGH,1.0,0.0
198,신세계푸드마켓도곡,신세계푸드마켓도곡,MATCH_HIGH,1.0,0.0
200,대치,대치,MATCH_HIGH,1.0,0.0
217,남부터미널,남부터미널,MATCH_HIGH,1.0,0.0
233,반포역,반포역,MATCH_HIGH,1.0,0.0
234,환구단,환구단,MATCH_HIGH,1.0,0.0
235,은평이마트,은평이마트,MATCH_HIGH,1.0,0.0
773,분당구청,분당구청,MATCH_HIGH,1.0,0.0
774,충남대정문,충남대정문,MATCH_HIGH,1.0,0.0
239,장산역,장산역,MATCH_HIGH,1.0,0.0
241,스타필드마켓죽전,스타필드마켓죽전,MATCH_HIGH,1.0,0.0
164,인사,인사,MATCH_HIGH,1.0,0.0
166,부평,부평,MATCH_HIGH,1.0,0.0
173,수원이마트,수원이마트,MATCH_HIGH,1.0,0.0
175,과천이마트,과천이마트,MATCH_HIGH,1.0,0.0
182,반월당,반월당,MATCH_HIGH,1.0,0.0
184,광안리,광안리,MATCH_HIGH,1.0,0.0
189,적선,적선,MATCH_HIGH,1.0,0.0
70,애오개역,애오개역,MATCH_HIGH,1.0,0.0
71,순화동더샵,순화동더샵,MATCH_HIGH,1.0,0.0
218,방배역,방배역,MATCH_HIGH,1.0,0.0
219,숭례문,숭례문,MATCH_HIGH,1.0,0.0
227,가산디지털,가산디지털,MATCH_HIGH,1.0,0.0
229,정자역,정자역,MATCH_HIGH,1.0,0.0
248,경성대,경성대,MATCH_HIGH,1.0,0.0
249,목동,목동,MATCH_HIGH,1.0,0.0
251,학동역,학동역,MATCH_HIGH,1.0,0.0
972,서귀포DT,서귀포DT,MATCH_HIGH,1.0,0.0
79,안산중앙역,안산중앙역,MATCH_HIGH,1.0,0.0
82,산본,산본,MATCH_HIGH,1.0,0.0
32,진주경상대,진주경상대,MATCH_HIGH,1.0,0.0
33,경기대,경기대,MATCH_HIGH,1.0,0.0
49,수원매산,수원매산,MATCH_HIGH,1.0,0.0
51,평촌아크로,평촌아크로,MATCH_HIGH,1.0,0.0
73,하이테크시티,하이테크시티,MATCH_HIGH,1.0,0.0
607,삼성교,삼성교,MATCH_HIGH,1.0,0.0
612,순천향입구,순천향입구,MATCH_HIGH,1.0,0.0
613,인천작전,인천작전,MATCH_HIGH,1.0,0.0
625,목동5단지,목동5단지,MATCH_HIGH,1.0,0.0
628,소노캄거제,소노캄거제,MATCH_HIGH,1.0,0.0
646,목포평화광장,목포평화광장,MATCH_HIGH,1.0,0.0
647,진주신안,진주신안,MATCH_HIGH,1.0,0.0
657,구로디지털로,구로디지털로,MATCH_HIGH,1.0,0.0
662,센트럴시티,센트럴시티,MATCH_HIGH,1.0,0.0
663,잠실새내역,잠실새내역,MATCH_HIGH,1.0,0.0
664,신제주이마트,신제주이마트,MATCH_HIGH,1.0,0.0
665,안산중앙,안산중앙,MATCH_HIGH,1.0,0.0
666,일산주엽,일산주엽,MATCH_HIGH,1.0,0.0
667,청담,청담,MATCH_HIGH,1.0,0.0
668,안산한대앞역,안산한대앞역,MATCH_HIGH,1.0,0.0
614,구리돌다리,구리돌다리,MATCH_HIGH,1.0,0.0
617,동탄,동탄,MATCH_HIGH,1.0,0.0
620,포항이마트,포항이마트,MATCH_HIGH,1.0,0.0
622,평택송탄,평택송탄,MATCH_HIGH,1.0,0.0
630,강남대로,강남대로,MATCH_HIGH,1.0,0.0
631,라페스타광장,라페스타광장,MATCH_HIGH,1.0,0.0
639,보라매대교빌딩,보라매대교빌딩,MATCH_HIGH,1.0,0.0
641,송도센트럴파크,송도센트럴파크,MATCH_HIGH,1.0,0.0
603,충주연수,충주연수,MATCH_HIGH,1.0,0.0
615,월곡역,월곡역,MATCH_HIGH,1.0,0.0
621,오창과학단지,오창과학단지,MATCH_HIGH,1.0,0.0
624,창원상남중앙,창원상남중앙,MATCH_HIGH,1.0,0.0
626,김해삼계,김해삼계,MATCH_HIGH,1.0,0.0
634,송림트레이더스,송림트레이더스,MATCH_HIGH,1.0,0.0
635,창원리베라,창원리베라,MATCH_HIGH,1.0,0.0
636,역삼포스코,역삼포스코,MATCH_HIGH,1.0,0.0
648,부산송정비치,부산송정비치,MATCH_HIGH,1.0,0.0
650,부천시청역,부천시청역,MATCH_HIGH,1.0,0.0
653,부산서면,부산서면,MATCH_HIGH,1.0,0.0
655,이천하이닉스,이천하이닉스,MATCH_HIGH,1.0,0.0
605,부평시장역,부평시장역,MATCH_HIGH,1.0,0.0
606,수원망포역,수원망포역,MATCH_HIGH,1.0,0.0
610,평내호평역,평내호평역,MATCH_HIGH,1.0,0.0
611,대전월평,대전월평,MATCH_HIGH,1.0,0.0
632,역삼대로,역삼대로,MATCH_HIGH,1.0,0.0
633,강릉안목해변,,UNMATCHED,0.0,
638,용인처인구청,용인처인구청,MATCH_HIGH,1.0,0.0
642,부산화명역,부산화명역,MATCH_HIGH,1.0,0.0
644,동교,동교,MATCH_HIGH,1.0,0.0
645,의정부금오,의정부금오,MATCH_HIGH,1.0,0.0
656,대구칠곡,대구칠곡,MATCH_HIGH,1.0,0.0
659,광나루,광나루,MATCH_HIGH,1.0,0.0
660,안산한양대,안산한양대,MATCH_HIGH,1.0,0.0
661,잠실푸르지오월드,잠실푸르지오월드,MATCH_HIGH,1.0,0.0
676,광주동림,광주동림,MATCH_HIGH,1.0,0.0
692,서산호수,서산호수,MATCH_HIGH,1.0,0.0
694,당진문예의전당,당진문예의전당,MATCH_HIGH,1.0,0.0
700,석촌호수,석촌호수,MATCH_HIGH,1.0,0.0
708,구미금오산DT,구미금오산DT,MATCH_HIGH,1.0,0.0
717,세종청사,세종청사,MATCH_HIGH,1.0,0.0
720,수내로,수내로,MATCH_HIGH,1.0,0.0
721,경주보문호수DT,경주보문호수DT,MATCH_HIGH,1.0,0.0
731,발산역,발산역,MATCH_HIGH,1.0,0.0
754,센텀그린타워,센텀그린타워,MATCH_HIGH,1.0,0.0
761,군자역,군자역,MATCH_HIGH,1.0,0.0
782,대구봉무,대구봉무,MATCH_HIGH,1.0,0.0
787,오류동역,오류동역,MATCH_HIGH,1.0,0.0
677,상일동,상일동,MATCH_HIGH,1.0,0.0
701,여의도일신,여의도일신,MATCH_HIGH,1.0,0.0
705,방이역,방이역,MATCH_HIGH,1.0,0.0
706,소노델피노,소노델피노,MATCH_HIGH,1.0,0.0
723,여의도한양증권,여의도한양증권,MATCH_HIGH,1.0,0.0
746,서울역동자동,서울역동자동,MATCH_HIGH,1.0,0.0
748,제주송악산,제주송악산,MATCH_HIGH,1.0,0.0
756,포항중앙,포항중앙,MATCH_HIGH,1.0,0.0
788,삼청동,삼청동,MATCH_HIGH,1.0,0.0
789,길동역,길동역,MATCH_HIGH,1.0,0.0
669,대구수성하이츠,대구수성하이츠,MATCH_HIGH,1.0,0.0
672,가로수길,가로수길,MATCH_HIGH,1.0,0.0
682,대전송촌,대전송촌,MATCH_HIGH,1.0,0.0
704,대구만촌DT,대구만촌DT,MATCH_HIGH,1.0,0.0
711,김해율하,김해율하,MATCH_HIGH,1.0,0.0
712,부산덕천역,부산덕천역,MATCH_HIGH,1.0,0.0
726,삼선교,삼선교,MATCH_HIGH,1.0,0.0
735,부산교대,부산교대,MATCH_HIGH,1.0,0.0
736,서면서전로,서면서전로,MATCH_HIGH,1.0,0.0
741,부천중동,부천중동,MATCH_HIGH,1.0,0.0
759,대구침산DT,대구침산DT,MATCH_HIGH,1.0,0.0
763,인천예술회관역,인천예술회관역,MATCH_HIGH,1.0,0.0
775,은평구청입구,은평구청입구,MATCH_HIGH,1.0,0.0
671,부산정관,부산정관,MATCH_HIGH,1.0,0.0
680,홍대역,홍대역,MATCH_HIGH,1.0,0.0
681,영남대,영남대,MATCH_HIGH,1.0,0.0
686,부평사거리,부평사거리,MATCH_HIGH,1.0,0.0
691,안산문화광장,안산문화광장,MATCH_HIGH,1.0,0.0
709,부산대역,부산대역,MATCH_HIGH,1.0,0.0
730,서초중앙로,서초중앙로,MATCH_HIGH,1.0,0.0
732,광주첨단,광주첨단,MATCH_HIGH,1.0,0.0
739,울산디자인거리,울산디자인거리,MATCH_HIGH,1.0,0.0
744,코엑스몰,코엑스몰,MATCH_HIGH,1.0,0.0
751,서울아트센터,서울아트센터,MATCH_HIGH,1.0,0.0
755,청주강서,청주강서,MATCH_HIGH,1.0,0.0
758,김포시청,김포시청,MATCH_HIGH,1.0,0.0
778,금천독산,금천독산,MATCH_HIGH,1.0,0.0
678,신당역,신당역,MATCH_HIGH,1.0,0.0
695,송도커넬워크,송도커넬워크,MATCH_HIGH,1.0,0.0
697,대화역,대화역,MATCH_HIGH,1.0,0.0
710,양산범어,양산범어,MATCH_HIGH,1.0,0.0
718,수원IC DT,수원IC DT,MATCH_HIGH,1.0,0.0
725,당산,당산,MATCH_HIGH,1.0,0.0
733,사당,사당,MATCH_HIGH,1.0,0.0
738,진해용원,진해용원,MATCH_HIGH,1.0,0.0
747,대전중앙로R,대전중앙로R,MATCH_HIGH,1.0,0.0
760,경희대국제캠퍼스,경희대국제캠퍼스,MATCH_HIGH,1.0,0.0
765,파주운정,파주운정,MATCH_HIGH,1.0,0.0
779,백석,백석,MATCH_HIGH,1.0,0.0
780,용인기흥구청,용인기흥구청,MATCH_HIGH,1.0,0.0
673,백석역DT,백석역DT,MATCH_HIGH,1.0,0.0
684,광주하남,광주하남,MATCH_HIGH,1.0,0.0
689,광주상무대교,광주상무대교,MATCH_HIGH,1.0,0.0
703,염창역,염창역,MATCH_HIGH,1.0,0.0
713,광주장덕,광주장덕,MATCH_HIGH,1.0,0.0
729,서초파라곤,서초파라곤,MATCH_HIGH,1.0,0.0
737,하남시청,하남시청,MATCH_HIGH,1.0,0.0
752,역삼초교사거리,역삼초교사거리,MATCH_HIGH,1.0,0.0
781,올림픽공원남문,올림픽공원남문,MATCH_HIGH,1.0,0.0
783,부산대정문,부산대정문,MATCH_HIGH,1.0,0.0
784,회기역사거리,회기역사거리,MATCH_HIGH,1.0,0.0
683,부산대연역,부산대연역,MATCH_HIGH,1.0,0.0
687,한티역,한티역,MATCH_HIGH,1.0,0.0
693,대전노은,대전노은,MATCH_HIGH,1.0,0.0
699,파주금릉역,파주금릉역,MATCH_HIGH,1.0,0.0
785,서현,서현,MATCH_HIGH,1.0,0.0
724,일산탄현제니스,일산탄현제니스,MATCH_HIGH,1.0,0.0
728,진주중안,진주중안,MATCH_HIGH,1.0,0.0
734,청담사거리,청담사거리,MATCH_HIGH,1.0,0.0
742,김포풍무DT,김포풍무DT,MATCH_HIGH,1.0,0.0
743,천호이마트,천호이마트,MATCH_HIGH,1.0,0.0
745,여수여서,여수여서,MATCH_HIGH,1.0,0.0
749,공주신관,공주신관,MATCH_HIGH,1.0,0.0
753,내방역,내방역,MATCH_HIGH,1.0,0.0
764,전북도청,전북도청,MATCH_HIGH,1.0,0.0
804,새문안로,새문안로,MATCH_HIGH,1.0,0.0
810,풍산이마트,풍산이마트,MATCH_HIGH,1.0,0.0
811,이수역,이수역,MATCH_HIGH,1.0,0.0
824,수지성복DT,수지성복DT,MATCH_HIGH,1.0,0.0
844,서면전포역,서면전포역,MATCH_HIGH,1.0,0.0
855,대전만년,대전만년,MATCH_HIGH,1.0,0.0
856,부민사거리,부민사거리,MATCH_HIGH,1.0,0.0
864,동래미남DT,동래미남DT,MATCH_HIGH,1.0,0.0
795,사천벌리,사천벌리,MATCH_HIGH,1.0,0.0
802,김해외동DT,김해외동DT,MATCH_HIGH,1.0,0.0
806,대전둔산,대전둔산,MATCH_HIGH,1.0,0.0
809,올림픽훼미리,올림픽훼미리,MATCH_HIGH,1.0,0.0
814,죽전,죽전,MATCH_HIGH,1.0,0.0
817,해운대달맞이DT,해운대달맞이DT,MATCH_HIGH,1.0,0.0
832,대전목원대,대전목원대,MATCH_HIGH,1.0,0.0
836,종로수송,종로수송,MATCH_HIGH,1.0,0.0
842,광명하안,광명하안,MATCH_HIGH,1.0,0.0
847,단대오거리역,단대오거리역,MATCH_HIGH,1.0,0.0
848,대구상인DT,대구상인DT,MATCH_HIGH,1.0,0.0
851,문래역,문래역,MATCH_HIGH,1.0,0.0
793,서강대,서강대,MATCH_HIGH,1.0,0.0
815,서울세관사거리,서울세관사거리,MATCH_HIGH,1.0,0.0
816,판교역로,판교역로,MATCH_HIGH,1.0,0.0
818,광주쌍암,광주쌍암,MATCH_HIGH,1.0,0.0
821,영남대중앙도서관,영남대중앙도서관,MATCH_HIGH,1.0,0.0
823,부산중앙역,부산중앙역,MATCH_HIGH,1.0,0.0
825,도곡역,도곡역,MATCH_HIGH,1.0,0.0
845,서소문로,서소문로,MATCH_HIGH,1.0,0.0
849,영등포신길,영등포신길,MATCH_HIGH,1.0,0.0
862,목동7단지,목동7단지,MATCH_HIGH,1.0,0.0
869,원당DT,원당DT,MATCH_HIGH,1.0,0.0
893,오산시청,오산시청,MATCH_HIGH,1.0,0.0
900,역곡역DT,역곡역DT,MATCH_HIGH,1.0,0.0
902,천안불당,천안불당,MATCH_HIGH,1.0,0.0
827,대전대덕로,대전대덕로,MATCH_HIGH,1.0,0.0
819,수원트레이더스,수원트레이더스,MATCH_HIGH,1.0,0.0
829,일산식사,일산식사,MATCH_HIGH,1.0,0.0
830,양재역,양재역,MATCH_HIGH,1.0,0.0
833,제주용담DT,제주용담DT,MATCH_HIGH,1.0,0.0
841,수지동천,수지동천,MATCH_HIGH,1.0,0.0
843,북촌로,북촌로,MATCH_HIGH,1.0,0.0
846,김해대로DT,김해대로DT,MATCH_HIGH,1.0,0.0
850,울산대,울산대,MATCH_HIGH,1.0,0.0
863,신사역,신사역,MATCH_HIGH,1.0,0.0
865,광주봉선중앙,광주봉선중앙,MATCH_HIGH,1.0,0.0
875,천안성정DT,천안성정DT,MATCH_HIGH,1.0,0.0
877,광주황금,광주황금,MATCH_HIGH,1.0,0.0
797,인천청라,인천청라,MATCH_HIGH,1.0,0.0
822,영남대아트센터,영남대아트센터,MATCH_HIGH,1.0,0.0
839,대전관저,대전관저,MATCH_HIGH,1.0,0.0
857,고잔이마트,고잔이마트,MATCH_HIGH,1.0,0.0
880,별내,별내,MATCH_HIGH,1.0,0.0
886,대전조이마루,대전조이마루,MATCH_HIGH,1.0,0.0
891,김포이마트,김포이마트,MATCH_HIGH,1.0,0.0
894,세종이마트,세종이마트,MATCH_HIGH,1.0,0.0
895,울산삼산로,울산삼산로,MATCH_HIGH,1.0,0.0
794,경주대릉원,경주대릉원,MATCH_HIGH,1.0,0.0
799,부산연산역,부산연산역,MATCH_HIGH,1.0,0.0
837,대구공평DT,대구공평DT,MATCH_HIGH,1.0,0.0
838,사가정역,사가정역,MATCH_HIGH,1.0,0.0
868,평택AK플라자,평택AK플라자,MATCH_HIGH,1.0,0.0
852,여의도ABL타워,여의도ABL타워,MATCH_HIGH,1.0,0.0
879,문정로데오,문정로데오,MATCH_HIGH,1.0,0.0
884,대구동천,대구동천,MATCH_HIGH,1.0,0.0
888,동탄센트럴파크,동탄센트럴파크,MATCH_HIGH,1.0,0.0
903,중랑구청,중랑구청,MATCH_HIGH,1.0,0.0
904,석촌서호,석촌서호,MATCH_HIGH,1.0,0.0
796,목포옥암,목포옥암,MATCH_HIGH,1.0,0.0
807,센텀신세계B1,센텀신세계B1,MATCH_HIGH,1.0,0.0
858,세종첫마을,세종첫마을,MATCH_HIGH,1.0,0.0
860,목포남악,목포남악,MATCH_HIGH,1.0,0.0
866,명동길,명동길,MATCH_HIGH,1.0,0.0
876,포항대이,포항대이,MATCH_HIGH,1.0,0.0
889,인천계양,인천계양,MATCH_HIGH,1.0,0.0
897,대구시지,대구시지,MATCH_HIGH,1.0,0.0
899,수원이비스,수원이비스,MATCH_HIGH,1.0,0.0
905,거제고현,거제고현,MATCH_HIGH,1.0,0.0
906,양산터미널,양산터미널,MATCH_HIGH,1.0,0.0
907,전주한옥마을,전주한옥마을,MATCH_HIGH,1.0,0.0
798,인천서해구청DT,,UNMATCHED,0.0,
812,파미에파크R,파미에파크R,MATCH_HIGH,1.0,0.0
826,인천삼산,인천삼산,MATCH_HIGH,1.0,0.0
870,대구두류DT,대구두류DT,MATCH_HIGH,1.0,0.0
871,부산개금역,부산개금역,MATCH_HIGH,1.0,0.0
872,미아사거리역,미아사거리역,MATCH_HIGH,1.0,0.0
874,중구저동,중구저동,MATCH_HIGH,1.0,0.0
878,광주신가DT,광주신가DT,MATCH_HIGH,1.0,0.0
882,자양사거리,자양사거리,MATCH_HIGH,1.0,0.0
883,약수역,약수역,MATCH_HIGH,1.0,0.0
887,대전관평동,대전관평동,MATCH_HIGH,1.0,0.0
892,동여의도,동여의도,MATCH_HIGH,1.0,0.0
916,전주홍산로,전주홍산로,MATCH_HIGH,1.0,0.0
928,수원광교,수원광교,MATCH_HIGH,1.0,0.0
931,판교브릿지타워,판교브릿지타워,MATCH_HIGH,1.0,0.0
936,광주용두DT,광주용두DT,MATCH_HIGH,1.0,0.0
941,스타필드마켓일산,스타필드마켓일산,MATCH_HIGH,1.0,0.0
942,일산후곡,일산후곡,MATCH_HIGH,1.0,0.0
959,평내DT,평내DT,MATCH_HIGH,1.0,0.0
911,연희DT,연희DT,MATCH_HIGH,1.0,0.0
933,제주노형,제주노형,MATCH_HIGH,1.0,0.0
951,구파발역,구파발역,MATCH_HIGH,1.0,0.0
952,신설동역,신설동역,MATCH_HIGH,1.0,0.0
954,안양비산DT,안양비산DT,MATCH_HIGH,1.0,0.0
963,광주첨단신용,광주첨단신용,MATCH_HIGH,1.0,0.0
926,오산IC DT,오산IC DT,MATCH_HIGH,1.0,0.0
934,BIFC Mall,BIFC Mall,MATCH_HIGH,1.0,0.0
940,김포운양,김포운양,MATCH_HIGH,1.0,0.0
944,대전수침교DT,대전수침교DT,MATCH_HIGH,1.0,0.0
946,부산안락DT,부산안락DT,MATCH_HIGH,1.0,0.0
919,왕십리역,왕십리역,MATCH_HIGH,1.0,0.0
921,구의DT,구의DT,MATCH_HIGH,1.0,0.0
945,안양석수DT,안양석수DT,MATCH_HIGH,1.0,0.0
949,공덕오거리,공덕오거리,MATCH_HIGH,1.0,0.0
953,신월IC DT,신월IC DT,MATCH_HIGH,1.0,0.0
975,구미시청DT,구미시청DT,MATCH_HIGH,1.0,0.0
976,평택로데오,평택로데오,MATCH_HIGH,1.0,0.0
977,논산중앙,논산중앙,MATCH_HIGH,1.0,0.0
980,안양역,안양역,MATCH_HIGH,1.0,0.0
981,대전전민,대전전민,MATCH_HIGH,1.0,0.0
982,용인마북DT,용인마북DT,MATCH_HIGH,1.0,0.0
983,청주성화,청주성화,MATCH_HIGH,1.0,0.0
912,제주칠성,제주칠성,MATCH_HIGH,1.0,0.0
917,세종종촌,세종종촌,MATCH_HIGH,1.0,0.0
924,안동시청,안동시청,MATCH_HIGH,1.0,0.0
932,평촌역사거리,평촌역사거리,MATCH_HIGH,1.0,0.0
938,부천신중동역,부천신중동역,MATCH_HIGH,1.0,0.0
943,상수역,상수역,MATCH_HIGH,1.0,0.0
947,대구감삼DT,대구감삼DT,MATCH_HIGH,1.0,0.0
961,서판교,서판교,MATCH_HIGH,1.0,0.0
988,포항오천,포항오천,MATCH_HIGH,1.0,0.0
909,화곡동,화곡동,MATCH_HIGH,1.0,0.0
920,명동중앙로,명동중앙로,MATCH_HIGH,1.0,0.0
927,광주금호DT,광주금호DT,MATCH_HIGH,1.0,0.0
935,인천갈산DT,인천갈산DT,MATCH_HIGH,1.0,0.0
948,송파사거리,송파사거리,MATCH_HIGH,1.0,0.0
966,센텀로,센텀로,MATCH_HIGH,1.0,0.0
969,대구삼성화재,대구삼성화재,MATCH_HIGH,1.0,0.0
970,사당로데오,사당로데오,MATCH_HIGH,1.0,0.0
971,강북구청사거리,강북구청사거리,MATCH_HIGH,1.0,0.0
910,상암디지털큐브,상암디지털큐브,MATCH_HIGH,1.0,0.0
913,대구팔공산,대구팔공산,MATCH_HIGH,1.0,0.0
914,을지병원사거리,을지병원사거리,MATCH_HIGH,1.0,0.0
918,포항양덕,포항양덕,MATCH_HIGH,1.0,0.0
930,대전유성,대전유성,MATCH_HIGH,1.0,0.0
950,제주중문DT,제주중문DT,MATCH_HIGH,1.0,0.0
957,오목교역,오목교역,MATCH_HIGH,1.0,0.0
964,중랑역,중랑역,MATCH_HIGH,1.0,0.0
993,연세백양로,연세백양로,MATCH_HIGH,1.0,0.0
1000,진주칠암DT,진주칠암DT,MATCH_HIGH,1.0,0.0
1004,대구성서IC DT,대구성서IC DT,MATCH_HIGH,1.0,0.0
1007,속초DT,속초DT,MATCH_HIGH,1.0,0.0
1016,신영통DT,신영통DT,MATCH_HIGH,1.0,0.0
1017,목포북항DT,목포북항DT,MATCH_HIGH,1.0,0.0
1032,성남이마트,성남이마트,MATCH_HIGH,1.0,0.0
1041,대구수목원,대구수목원,MATCH_HIGH,1.0,0.0
1045,선유동이레빌딩,선유동이레빌딩,MATCH_HIGH,1.0,0.0
1047,한국프레스센터,한국프레스센터,MATCH_HIGH,1.0,0.0
1054,대전신탄진DT,대전신탄진DT,MATCH_HIGH,1.0,0.0
1055,상봉,상봉,MATCH_HIGH,1.0,0.0
996,인천청라타워돔,인천청라타워돔,MATCH_HIGH,1.0,0.0
997,종암,종암,MATCH_HIGH,1.0,0.0
998,서울중앙우체국,서울중앙우체국,MATCH_HIGH,1.0,0.0
1008,철산로데오,철산로데오,MATCH_HIGH,1.0,0.0
1026,광주풍암,광주풍암,MATCH_HIGH,1.0,0.0
1030,인천공항T1에어3F,,UNMATCHED,0.0,
1038,포스코사거리,포스코사거리,MATCH_HIGH,1.0,0.0
1039,김천시청DT,김천시청DT,MATCH_HIGH,1.0,0.0
1046,둔촌동,둔촌동,MATCH_HIGH,1.0,0.0
1051,청계산입구역,청계산입구역,MATCH_HIGH,1.0,0.0
1059,청주봉명DT,청주봉명DT,MATCH_HIGH,1.0,0.0
1005,인천당하DT,인천당하DT,MATCH_HIGH,1.0,0.0
1010,수원망포DT,수원망포DT,MATCH_HIGH,1.0,0.0
1027,수영망미DT,수영망미DT,MATCH_HIGH,1.0,0.0
1061,대구칠곡대로DT,대구칠곡대로DT,MATCH_HIGH,1.0,0.0
1062,대치사거리,대치사거리,MATCH_HIGH,1.0,0.0
1063,신세계본점6F,신세계본점6F,MATCH_HIGH,1.0,0.0
1064,서초법원,서초법원,MATCH_HIGH,1.0,0.0
1065,을지로2가,을지로2가,MATCH_HIGH,1.0,0.0
1066,용인동백DT,용인동백DT,MATCH_HIGH,1.0,0.0
1067,신촌오거리,신촌오거리,MATCH_HIGH,1.0,0.0
1068,경주터미널DT,경주터미널DT,MATCH_HIGH,1.0,0.0
1069,상암사보이시티,상암사보이시티,MATCH_HIGH,1.0,0.0
1070,춘천석사DT,춘천석사DT,MATCH_HIGH,1.0,0.0
1048,동의대역,동의대역,MATCH_HIGH,1.0,0.0
1049,송파아이파크,송파아이파크,MATCH_HIGH,1.0,0.0
1056,해운대,해운대,MATCH_HIGH,1.0,0.0
1057,광주상무시민로,광주상무시민로,MATCH_HIGH,1.0,0.0
1060,대구황금DT,대구황금DT,MATCH_HIGH,1.0,0.0
1071,용인시청DT,용인시청DT,MATCH_HIGH,1.0,0.0
1072,동두천DT,동두천DT,MATCH_HIGH,1.0,0.0
1073,광주방림DT,광주방림DT,MATCH_HIGH,1.0,0.0
1074,삼성창원병원,삼성창원병원,MATCH_HIGH,1.0,0.0
1075,행신역,행신역,MATCH_HIGH,1.0,0.0
1076,가산디지털단지역,가산디지털단지역,MATCH_HIGH,1.0,0.0
1077,성신여대정문,성신여대정문,MATCH_HIGH,1.0,0.0
995,청주율량DT,청주율량DT,MATCH_HIGH,1.0,0.0
1018,전주서신,전주서신,MATCH_HIGH,1.0,0.0
1019,대구평리DT,대구평리DT,MATCH_HIGH,1.0,0.0
1021,울산중리사거리DT,울산중리사거리DT,MATCH_HIGH,1.0,0.0
1022,울산남구청DT,울산남구청DT,MATCH_HIGH,1.0,0.0
1023,대구상동DT,대구상동DT,MATCH_HIGH,1.0,0.0
1024,방배카페거리,방배카페거리,MATCH_HIGH,1.0,0.0
1025,광주북구청,광주북구청,MATCH_HIGH,1.0,0.0
992,전주효자DT,전주효자DT,MATCH_HIGH,1.0,0.0
994,을지로경기빌딩,을지로경기빌딩,MATCH_HIGH,1.0,0.0
1011,대전IC DT,대전IC DT,MATCH_HIGH,1.0,0.0
1015,숭실대입구역,숭실대입구역,MATCH_HIGH,1.0,0.0
1028,대전유천DT,대전유천DT,MATCH_HIGH,1.0,0.0
1001,회현역,회현역,MATCH_HIGH,1.0,0.0
1002,올림픽평화의문,올림픽평화의문,MATCH_HIGH,1.0,0.0
1009,대전지족,대전지족,MATCH_HIGH,1.0,0.0
1012,의정부녹양DT,의정부녹양DT,MATCH_HIGH,1.0,0.0
1029,진주평거,진주평거,MATCH_HIGH,1.0,0.0
1031,서교동사거리,서교동사거리,MATCH_HIGH,1.0,0.0
1033,인천용현DT,인천용현DT,MATCH_HIGH,1.0,0.0
1034,동대구로DT,동대구로DT,MATCH_HIGH,1.0,0.0
1035,부천중동DT,부천중동DT,MATCH_HIGH,1.0,0.0
1043,판교알파돔시티,판교알파돔시티,MATCH_HIGH,1.0,0.0
1044,구미옥계,구미옥계,MATCH_HIGH,1.0,0.0
991,학동사거리,학동사거리,MATCH_HIGH,1.0,0.0
1003,경기광주,경기광주,MATCH_HIGH,1.0,0.0
1013,방배,방배,MATCH_HIGH,1.0,0.0
1014,고양DT,고양DT,MATCH_HIGH,1.0,0.0
1088,송도캠퍼스타운역,송도캠퍼스타운역,MATCH_HIGH,1.0,0.0
1093,한남동R,한남동R,MATCH_HIGH,1.0,0.0
1100,동부산DT,동부산DT,MATCH_HIGH,1.0,0.0
1117,중동이마트,중동이마트,MATCH_HIGH,1.0,0.0
1124,국회의사당역,국회의사당역,MATCH_HIGH,1.0,0.0
1125,춘천후평DT,춘천후평DT,MATCH_HIGH,1.0,0.0
1129,강남우성,강남우성,MATCH_HIGH,1.0,0.0
1130,김천구미역,김천구미역,MATCH_HIGH,1.0,0.0
1135,대전태평,대전태평,MATCH_HIGH,1.0,0.0
1152,울산정자비치DT,울산정자비치DT,MATCH_HIGH,1.0,0.0
1160,광주수완DT,광주수완DT,MATCH_HIGH,1.0,0.0
1161,광주송정역,광주송정역,MATCH_HIGH,1.0,0.0
1164,동해DT,동해DT,MATCH_HIGH,1.0,0.0
1169,아산용화,아산용화,MATCH_HIGH,1.0,0.0
1085,을숙도강변DT,을숙도강변DT,MATCH_HIGH,1.0,0.0
1086,동탄영천,동탄영천,MATCH_HIGH,1.0,0.0
1089,여수둔덕DT,여수둔덕DT,MATCH_HIGH,1.0,0.0
1090,인천연수,인천연수,MATCH_HIGH,1.0,0.0
1111,평촌호계,평촌호계,MATCH_HIGH,1.0,0.0
1115,남영동,남영동,MATCH_HIGH,1.0,0.0
1127,전남광양DT,전남광양DT,MATCH_HIGH,1.0,0.0
1137,서강대흥역,서강대흥역,MATCH_HIGH,1.0,0.0
1138,제주애월DT,제주애월DT,MATCH_HIGH,1.0,0.0
1146,청담스타R,청담스타R,MATCH_HIGH,1.0,0.0
1151,목동8단지,목동8단지,MATCH_HIGH,1.0,0.0
1078,인천송도DT,인천송도DT,MATCH_HIGH,1.0,0.0
1079,합정,합정,MATCH_HIGH,1.0,0.0
1095,대전가수원DT,대전가수원DT,MATCH_HIGH,1.0,0.0
1101,연세세브란스,연세세브란스,MATCH_HIGH,1.0,0.0
1102,강동역,강동역,MATCH_HIGH,1.0,0.0
1133,사직구장,사직구장,MATCH_HIGH,1.0,0.0
1141,여의도공원R,여의도공원R,MATCH_HIGH,1.0,0.0
1142,전남나주,전남나주,MATCH_HIGH,1.0,0.0
1149,의정부회룡역DT,의정부회룡역DT,MATCH_HIGH,1.0,0.0
1155,대구중앙로역,대구중앙로역,MATCH_HIGH,1.0,0.0
1158,대구월성,대구월성,MATCH_HIGH,1.0,0.0
1159,신사가로수,신사가로수,MATCH_HIGH,1.0,0.0
1162,대구유통단지,대구유통단지,MATCH_HIGH,1.0,0.0
1084,압구정,압구정,MATCH_HIGH,1.0,0.0
1096,신당역사거리,신당역사거리,MATCH_HIGH,1.0,0.0
1114,화곡DT,화곡DT,MATCH_HIGH,1.0,0.0
1128,울산시청사거리DT,울산시청사거리DT,MATCH_HIGH,1.0,0.0
1154,청담영동대로,청담영동대로,MATCH_HIGH,1.0,0.0
1156,대구중동네거리DT,대구중동네거리DT,MATCH_HIGH,1.0,0.0
1157,서강광흥창역,서강광흥창역,MATCH_HIGH,1.0,0.0
1163,화성병점DT,화성병점DT,MATCH_HIGH,1.0,0.0
1168,광명사거리역,광명사거리역,MATCH_HIGH,1.0,0.0
1170,용산파크타워,용산파크타워,MATCH_HIGH,1.0,0.0
1174,천안신불당,천안신불당,MATCH_HIGH,1.0,0.0
1175,대전유성구청,대전유성구청,MATCH_HIGH,1.0,0.0
1080,김해이마트,김해이마트,MATCH_HIGH,1.0,0.0
1081,대전법원,대전법원,MATCH_HIGH,1.0,0.0
1082,대전둔산로,대전둔산로,MATCH_HIGH,1.0,0.0
1083,신세계김해,신세계김해,MATCH_HIGH,1.0,0.0
1092,세종어진R,세종어진R,MATCH_HIGH,1.0,0.0
1094,낙성대DT,낙성대DT,MATCH_HIGH,1.0,0.0
1120,미아뉴타운,미아뉴타운,MATCH_HIGH,1.0,0.0
1126,중앙대,중앙대,MATCH_HIGH,1.0,0.0
1131,원주혁신도시,원주혁신도시,MATCH_HIGH,1.0,0.0
1132,울산성남삼거리,울산성남삼거리,MATCH_HIGH,1.0,0.0
1134,오창호수공원,오창호수공원,MATCH_HIGH,1.0,0.0
1147,영등포KT,영등포KT,MATCH_HIGH,1.0,0.0
1148,익산영등DT,익산영등DT,MATCH_HIGH,1.0,0.0
1176,인천간석DT,인천간석DT,MATCH_HIGH,1.0,0.0
1097,광안비치,광안비치,MATCH_HIGH,1.0,0.0
1098,부산재송DT,부산재송DT,MATCH_HIGH,1.0,0.0
1104,안양호계DT,안양호계DT,MATCH_HIGH,1.0,0.0
1116,광주상무중앙로,광주상무중앙로,MATCH_HIGH,1.0,0.0
1136,울산진장,울산진장,MATCH_HIGH,1.0,0.0
1140,동대입구역,동대입구역,MATCH_HIGH,1.0,0.0
1143,서울대역,서울대역,MATCH_HIGH,1.0,0.0
1144,신세계대구8FR,신세계대구8FR,MATCH_HIGH,1.0,0.0
1145,신세계대구3F(티바나),신세계대구3F(티바나),MATCH_HIGH,1.0,0.0
1165,상왕십리역,상왕십리역,MATCH_HIGH,1.0,0.0
1166,순천호수공원,순천호수공원,MATCH_HIGH,1.0,0.0
1172,광주일곡,광주일곡,MATCH_HIGH,1.0,0.0
1173,목포하당,목포하당,MATCH_HIGH,1.0,0.0
1087,정자동,정자동,MATCH_HIGH,1.0,0.0
1091,대구도원DT,대구도원DT,MATCH_HIGH,1.0,0.0
1099,대치은마사거리,대치은마사거리,MATCH_HIGH,1.0,0.0
1103,인천서창,인천서창,MATCH_HIGH,1.0,0.0
1106,송파방이DT,송파방이DT,MATCH_HIGH,1.0,0.0
1107,천안IC DT,천안IC DT,MATCH_HIGH,1.0,0.0
1108,스타필드하남2FR,스타필드하남2FR,MATCH_HIGH,1.0,0.0
1109,신세계하남2F,신세계하남2F,MATCH_HIGH,1.0,0.0
1110,스타필드하남1F(티바나),스타필드하남1F(티바나),MATCH_HIGH,1.0,0.0
1112,백석중앙로,백석중앙로,MATCH_HIGH,1.0,0.0
1118,뉴코아부천,뉴코아부천,MATCH_HIGH,1.0,0.0
1121,고양삼송,고양삼송,MATCH_HIGH,1.0,0.0
1122,별내불암로,별내불암로,MATCH_HIGH,1.0,0.0
1123,마포염리,마포염리,MATCH_HIGH,1.0,0.0
1179,연신내,연신내,MATCH_HIGH,1.0,0.0
1180,금련산역,금련산역,MATCH_HIGH,1.0,0.0
1189,분당율동공원,분당율동공원,MATCH_HIGH,1.0,0.0
1190,동명대DT,동명대DT,MATCH_HIGH,1.0,0.0
1204,리버사이드팔당DT,리버사이드팔당DT,MATCH_HIGH,1.0,0.0
1206,미아,미아,MATCH_HIGH,1.0,0.0
1219,분당이매,분당이매,MATCH_HIGH,1.0,0.0
1232,원주무실,원주무실,MATCH_HIGH,1.0,0.0
1243,광명소하,광명소하,MATCH_HIGH,1.0,0.0
1244,공릉역,공릉역,MATCH_HIGH,1.0,0.0
1245,을지로국제빌딩,을지로국제빌딩,MATCH_HIGH,1.0,0.0
1257,세종새롬,세종새롬,MATCH_HIGH,1.0,0.0
1258,강남R,강남R,MATCH_HIGH,1.0,0.0
1274,김포감정DT,김포감정DT,MATCH_HIGH,1.0,0.0
1177,동대문공원,동대문공원,MATCH_HIGH,1.0,0.0
1183,순천신대,순천신대,MATCH_HIGH,1.0,0.0
1184,금천시흥,금천시흥,MATCH_HIGH,1.0,0.0
1212,일산덕이DT,일산덕이DT,MATCH_HIGH,1.0,0.0
1213,의왕포일,의왕포일,MATCH_HIGH,1.0,0.0
1225,전북정읍DT,전북정읍DT,MATCH_HIGH,1.0,0.0
1226,경희대삼거리,경희대삼거리,MATCH_HIGH,1.0,0.0
1278,올림픽대교북단,올림픽대교북단,MATCH_HIGH,1.0,0.0
1279,부천심곡DT,부천심곡DT,MATCH_HIGH,1.0,0.0
1280,성남위례,성남위례,MATCH_HIGH,1.0,0.0
1199,시흥P.아울렛 1F,시흥P.아울렛 1F,MATCH_HIGH,1.0,0.0
1200,시흥P.아울렛 3F,시흥P.아울렛 3F,MATCH_HIGH,1.0,0.0
1210,영종도운서역,영종도운서역,MATCH_HIGH,1.0,0.0
1222,남양주진접DT,남양주진접DT,MATCH_HIGH,1.0,0.0
1233,송파위례,송파위례,MATCH_HIGH,1.0,0.0
1242,천안쌍용역,천안쌍용역,MATCH_HIGH,1.0,0.0
1256,의정부민락,의정부민락,MATCH_HIGH,1.0,0.0
1261,스타필드고양1FR,스타필드고양1FR,MATCH_HIGH,1.0,0.0
1262,스타필드고양3F,스타필드고양3F,MATCH_HIGH,1.0,0.0
1263,도곡공원,도곡공원,MATCH_HIGH,1.0,0.0
1269,계룡대로DT,계룡대로DT,MATCH_HIGH,1.0,0.0
1270,이천사음DT,이천사음DT,MATCH_HIGH,1.0,0.0
1188,강남구청정문,강남구청정문,MATCH_HIGH,1.0,0.0
1193,홍제역,홍제역,MATCH_HIGH,1.0,0.0
1194,잠실대교남단R,잠실대교남단R,MATCH_HIGH,1.0,0.0
1195,서울고속터미널,서울고속터미널,MATCH_HIGH,1.0,0.0
1196,가양역,가양역,MATCH_HIGH,1.0,0.0
1197,제주성산DT,제주성산DT,MATCH_HIGH,1.0,0.0
1207,광명소하DT,광명소하DT,MATCH_HIGH,1.0,0.0
1217,마곡GMG,마곡GMG,MATCH_HIGH,1.0,0.0
1218,독산사거리,독산사거리,MATCH_HIGH,1.0,0.0
1230,창원마창대교,창원마창대교,MATCH_HIGH,1.0,0.0
1231,아현역,아현역,MATCH_HIGH,1.0,0.0
1238,창원호계DT,창원호계DT,MATCH_HIGH,1.0,0.0
1181,수영역,수영역,MATCH_HIGH,1.0,0.0
1182,구로디지털타워,구로디지털타워,MATCH_HIGH,1.0,0.0
1220,문정역,문정역,MATCH_HIGH,1.0,0.0
1229,제주에듀시티,제주에듀시티,MATCH_HIGH,1.0,0.0
1241,국회대로,국회대로,MATCH_HIGH,1.0,0.0
1247,수원권선,수원권선,MATCH_HIGH,1.0,0.0
1248,대구테크노폴리스,대구테크노폴리스,MATCH_HIGH,1.0,0.0
1249,국제시장,국제시장,MATCH_HIGH,1.0,0.0
1251,광주서문대로,광주서문대로,MATCH_HIGH,1.0,0.0
1253,신용산역,신용산역,MATCH_HIGH,1.0,0.0
1264,수원권선DT,수원권선DT,MATCH_HIGH,1.0,0.0
1265,인천터미널사거리,인천터미널사거리,MATCH_HIGH,1.0,0.0
1275,해운대역,해운대역,MATCH_HIGH,1.0,0.0
1276,동탄역,동탄역,MATCH_HIGH,1.0,0.0
1192,강남대로신사,강남대로신사,MATCH_HIGH,1.0,0.0
1216,경산중방DT,경산중방DT,MATCH_HIGH,1.0,0.0
1224,문정하비오,문정하비오,MATCH_HIGH,1.0,0.0
1266,노원마들역,노원마들역,MATCH_HIGH,1.0,0.0
1267,마곡나루역,마곡나루역,MATCH_HIGH,1.0,0.0
1277,동서대DT,동서대DT,MATCH_HIGH,1.0,0.0
1281,시흥대야,시흥대야,MATCH_HIGH,1.0,0.0
1282,대구중동DT,대구중동DT,MATCH_HIGH,1.0,0.0
1284,안산상공회의소,안산상공회의소,MATCH_HIGH,1.0,0.0
1285,홍대공항철도역,홍대공항철도역,MATCH_HIGH,1.0,0.0
1186,대전대사DT,대전대사DT,MATCH_HIGH,1.0,0.0
1187,포항장성DT,포항장성DT,MATCH_HIGH,1.0,0.0
1198,대전도안DT,대전도안DT,MATCH_HIGH,1.0,0.0
1201,대구진천역,대구진천역,MATCH_HIGH,1.0,0.0
1202,천안안서,천안안서,MATCH_HIGH,1.0,0.0
1211,스타필드코엑스몰R,스타필드코엑스몰R,MATCH_HIGH,1.0,0.0
1214,하남미사,하남미사,MATCH_HIGH,1.0,0.0
1234,연산시티타워,연산시티타워,MATCH_HIGH,1.0,0.0
1235,명륜역,명륜역,MATCH_HIGH,1.0,0.0
1236,이수역사거리,이수역사거리,MATCH_HIGH,1.0,0.0
1237,대전둔산남로,대전둔산남로,MATCH_HIGH,1.0,0.0
1246,성수역,성수역,MATCH_HIGH,1.0,0.0
1250,아산탕정,아산탕정,MATCH_HIGH,1.0,0.0
1254,목동역,목동역,MATCH_HIGH,1.0,0.0
1255,강남오거리,강남오거리,MATCH_HIGH,1.0,0.0
1185,자갈치역,자갈치역,MATCH_HIGH,1.0,0.0
1191,설악쏘라노,설악쏘라노,MATCH_HIGH,1.0,0.0
1203,답십리역,답십리역,MATCH_HIGH,1.0,0.0
1208,황학사거리,황학사거리,MATCH_HIGH,1.0,0.0
1209,대구계산,대구계산,MATCH_HIGH,1.0,0.0
1221,대구수성네거리DT,대구수성네거리DT,MATCH_HIGH,1.0,0.0
1227,양산덕계DT,양산덕계DT,MATCH_HIGH,1.0,0.0
1239,송도트리플R,송도트리플R,MATCH_HIGH,1.0,0.0
1252,광주흑석DT,광주흑석DT,MATCH_HIGH,1.0,0.0
1268,이촌,이촌,MATCH_HIGH,1.0,0.0
1271,여수웅천,여수웅천,MATCH_HIGH,1.0,0.0
1272,신대방삼거리역,신대방삼거리역,MATCH_HIGH,1.0,0.0
1273,울산성안,울산성안,MATCH_HIGH,1.0,0.0
1296,의정부공원,의정부공원,MATCH_HIGH,1.0,0.0
1311,방화DT,방화DT,MATCH_HIGH,1.0,0.0
1332,청주오송,청주오송,MATCH_HIGH,1.0,0.0
1333,정부서울청사R,정부서울청사R,MATCH_HIGH,1.0,0.0
1340,용산역써밋R,용산역써밋R,MATCH_HIGH,1.0,0.0
1366,합정폴리스R,합정폴리스R,MATCH_HIGH,1.0,0.0
1368,서산예천DT,서산예천DT,MATCH_HIGH,1.0,0.0
1369,종암DT,종암DT,MATCH_HIGH,1.0,0.0
1370,수원호매실,수원호매실,MATCH_HIGH,1.0,0.0
1295,천안청당,천안청당,MATCH_HIGH,1.0,0.0
1297,김포장기커낼,김포장기커낼,MATCH_HIGH,1.0,0.0
1301,서초우성사거리,서초우성사거리,MATCH_HIGH,1.0,0.0
1303,광주두암타운,광주두암타운,MATCH_HIGH,1.0,0.0
1304,연신내역사거리,연신내역사거리,MATCH_HIGH,1.0,0.0
1320,독립문역,독립문역,MATCH_HIGH,1.0,0.0
1321,수원KBS DT,수원KBS DT,MATCH_HIGH,1.0,0.0
1323,공덕,공덕,MATCH_HIGH,1.0,0.0
1324,서초구청,서초구청,MATCH_HIGH,1.0,0.0
1335,마포경찰서후문,마포경찰서후문,MATCH_HIGH,1.0,0.0
1336,구파발사거리,구파발사거리,MATCH_HIGH,1.0,0.0
1346,대구칠성DT,대구칠성DT,MATCH_HIGH,1.0,0.0
1347,센텀파크,센텀파크,MATCH_HIGH,1.0,0.0
1288,뚝섬역,뚝섬역,MATCH_HIGH,1.0,0.0
1289,온천장역DT,온천장역DT,MATCH_HIGH,1.0,0.0
1290,대전한남대DT,대전한남대DT,MATCH_HIGH,1.0,0.0
1291,대전판암DT,대전판암DT,MATCH_HIGH,1.0,0.0
1302,울산북구청DT,울산북구청DT,MATCH_HIGH,1.0,0.0
1306,포천DT,포천DT,MATCH_HIGH,1.0,0.0
1308,강릉교동광장,강릉교동광장,MATCH_HIGH,1.0,0.0
1328,인천구월아시아드,인천구월아시아드,MATCH_HIGH,1.0,0.0
1337,수원천천,수원천천,MATCH_HIGH,1.0,0.0
1342,광주봉선로,광주봉선로,MATCH_HIGH,1.0,0.0
1348,봉은사로선정릉,봉은사로선정릉,MATCH_HIGH,1.0,0.0
1298,전주덕진광장DT,전주덕진광장DT,MATCH_HIGH,1.0,0.0
1299,광주매곡DT,광주매곡DT,MATCH_HIGH,1.0,0.0
1312,창원역DT,창원역DT,MATCH_HIGH,1.0,0.0
1329,양산가촌,양산가촌,MATCH_HIGH,1.0,0.0
1331,대전복수,대전복수,MATCH_HIGH,1.0,0.0
1341,청주용담DT,청주용담DT,MATCH_HIGH,1.0,0.0
1349,광주화정DT,광주화정DT,MATCH_HIGH,1.0,0.0
1352,송파개롱역,송파개롱역,MATCH_HIGH,1.0,0.0
1354,서초역이화빌딩,서초역이화빌딩,MATCH_HIGH,1.0,0.0
1294,범계역,범계역,MATCH_HIGH,1.0,0.0
1315,신정DT,신정DT,MATCH_HIGH,1.0,0.0
1322,홍대입구역사거리R,홍대입구역사거리R,MATCH_HIGH,1.0,0.0
1334,여의도KBS R,여의도KBS R,MATCH_HIGH,1.0,0.0
1338,대구월촌역,대구월촌역,MATCH_HIGH,1.0,0.0
1350,여의도IFC몰(L1)R,여의도IFC몰(L1)R,MATCH_HIGH,1.0,0.0
1351,경주보문,경주보문,MATCH_HIGH,1.0,0.0
1361,대전탄방역,대전탄방역,MATCH_HIGH,1.0,0.0
1365,광안수변공원,광안수변공원,MATCH_HIGH,1.0,0.0
1292,신림DT,신림DT,MATCH_HIGH,1.0,0.0
1293,신촌역,신촌역,MATCH_HIGH,1.0,0.0
1300,일산가구단지,일산가구단지,MATCH_HIGH,1.0,0.0
1310,진해자은DT,진해자은DT,MATCH_HIGH,1.0,0.0
1313,야탑터미널,야탑터미널,MATCH_HIGH,1.0,0.0
1314,충주터미널,충주터미널,MATCH_HIGH,1.0,0.0
1316,포항쌍용DT,포항쌍용DT,MATCH_HIGH,1.0,0.0
1317,일산풍동DT,일산풍동DT,MATCH_HIGH,1.0,0.0
1353,센트럴F1,센트럴F1,MATCH_HIGH,1.0,0.0
1356,인천학익DT,인천학익DT,MATCH_HIGH,1.0,0.0
1358,전주혁신도시,전주혁신도시,MATCH_HIGH,1.0,0.0
1305,종로R,종로R,MATCH_HIGH,1.0,0.0
1309,수영강변DT,수영강변DT,MATCH_HIGH,1.0,0.0
1318,제주신화월드R,제주신화월드R,MATCH_HIGH,1.0,0.0
1330,배곧신도시,배곧신도시,MATCH_HIGH,1.0,0.0
1343,천안시청,천안시청,MATCH_HIGH,1.0,0.0
1355,선릉동신빌딩R,선릉동신빌딩R,MATCH_HIGH,1.0,0.0
1357,노량진역,노량진역,MATCH_HIGH,1.0,0.0
1359,광화문우체국,광화문우체국,MATCH_HIGH,1.0,0.0
1362,방배다이치빌딩,방배다이치빌딩,MATCH_HIGH,1.0,0.0
1363,제주시청,제주시청,MATCH_HIGH,1.0,0.0
1364,울산MBC DT,울산MBC DT,MATCH_HIGH,1.0,0.0
1367,동국대,동국대,MATCH_HIGH,1.0,0.0
1384,동탄능동DT,동탄능동DT,MATCH_HIGH,1.0,0.0
1385,안양운동장사거리DT,안양운동장사거리DT,MATCH_HIGH,1.0,0.0
1395,대전건양대병원,대전건양대병원,MATCH_HIGH,1.0,0.0
1416,마산해안대로DT,마산해안대로DT,MATCH_HIGH,1.0,0.0
1417,울산도산사거리DT,울산도산사거리DT,MATCH_HIGH,1.0,0.0
1377,다대포DT,다대포DT,MATCH_HIGH,1.0,0.0
1401,금정구청DT,금정구청DT,MATCH_HIGH,1.0,0.0
1414,아차산역,아차산역,MATCH_HIGH,1.0,0.0
1421,광주산정DT,광주산정DT,MATCH_HIGH,1.0,0.0
1371,전주백제대로DT,전주백제대로DT,MATCH_HIGH,1.0,0.0
1374,전주평화DT,전주평화DT,MATCH_HIGH,1.0,0.0
1396,마곡사이언스타워R,마곡사이언스타워R,MATCH_HIGH,1.0,0.0
1397,양주광사DT,양주광사DT,MATCH_HIGH,1.0,0.0
1398,해운대동백,해운대동백,MATCH_HIGH,1.0,0.0
1376,의정부용현DT,의정부용현DT,MATCH_HIGH,1.0,0.0
1378,광명역,광명역,MATCH_HIGH,1.0,0.0
1390,당산대로,당산대로,MATCH_HIGH,1.0,0.0
1393,동탄카림,동탄카림,MATCH_HIGH,1.0,0.0
1404,양재강남빌딩R,양재강남빌딩R,MATCH_HIGH,1.0,0.0
1412,구미도량DT,구미도량DT,MATCH_HIGH,1.0,0.0
1375,파주금촌역,파주금촌역,MATCH_HIGH,1.0,0.0
1379,공릉DT,공릉DT,MATCH_HIGH,1.0,0.0
1382,강남교보타워R,강남교보타워R,MATCH_HIGH,1.0,0.0
1383,우장산역,우장산역,MATCH_HIGH,1.0,0.0
1386,대구광장,대구광장,MATCH_HIGH,1.0,0.0
1391,판교아비뉴프랑R,판교아비뉴프랑R,MATCH_HIGH,1.0,0.0
1392,안산고잔센트럴타워,안산고잔센트럴타워,MATCH_HIGH,1.0,0.0
1394,서면로R,서면로R,MATCH_HIGH,1.0,0.0
1403,명지국제신도시,명지국제신도시,MATCH_HIGH,1.0,0.0
1406,경기양평,경기양평,MATCH_HIGH,1.0,0.0
1407,제천DT,제천DT,MATCH_HIGH,1.0,0.0
1410,북수원IC DT,북수원IC DT,MATCH_HIGH,1.0,0.0
1418,대구월곡DT,대구월곡DT,MATCH_HIGH,1.0,0.0
1372,충주시청DT,충주시청DT,MATCH_HIGH,1.0,0.0
1373,일산가로수길,일산가로수길,MATCH_HIGH,1.0,0.0
1380,대구죽전역,대구죽전역,MATCH_HIGH,1.0,0.0
1387,용인보라DT,용인보라DT,MATCH_HIGH,1.0,0.0
1388,대전정부청사역,대전정부청사역,MATCH_HIGH,1.0,0.0
1389,수서역R,수서역R,MATCH_HIGH,1.0,0.0
1399,용호동W스퀘어,용호동W스퀘어,MATCH_HIGH,1.0,0.0
1408,목동행복한,목동행복한,MATCH_HIGH,1.0,0.0
1413,구리갈매역,구리갈매역,MATCH_HIGH,1.0,0.0
1415,이태원역,이태원역,MATCH_HIGH,1.0,0.0
1419,국립중앙의료원,국립중앙의료원,MATCH_HIGH,1.0,0.0
1420,등촌역,등촌역,MATCH_HIGH,1.0,0.0
1402,문정법원로R,문정법원로R,MATCH_HIGH,1.0,0.0
1405,가산에스케이,가산에스케이,MATCH_HIGH,1.0,0.0
1381,파주야당역,파주야당역,MATCH_HIGH,1.0,0.0
1400,동래역,동래역,MATCH_HIGH,1.0,0.0
1411,압구정R,압구정R,MATCH_HIGH,1.0,0.0
1423,오산갈곶DT,오산갈곶DT,MATCH_HIGH,1.0,0.0
1428,마포용강동,마포용강동,MATCH_HIGH,1.0,0.0
1438,삼성역섬유센터R,삼성역섬유센터R,MATCH_HIGH,1.0,0.0
1441,잠실시그마타워,잠실시그마타워,MATCH_HIGH,1.0,0.0
1485,광주상무DT,광주상무DT,MATCH_HIGH,1.0,0.0
1583,안동병원,안동병원,MATCH_HIGH,1.0,0.0
1590,인천강화DT,인천강화DT,MATCH_HIGH,1.0,0.0
1593,세종보람,세종보람,MATCH_HIGH,1.0,0.0
1600,강릉강문해변,강릉강문해변,MATCH_HIGH,1.0,0.0
1606,대전반석역,대전반석역,MATCH_HIGH,1.0,0.0
1612,부천옥길,부천옥길,MATCH_HIGH,1.0,0.0
1625,마곡역,마곡역,MATCH_HIGH,1.0,0.0
1626,코엑스별마당,코엑스별마당,MATCH_HIGH,1.0,0.0
1627,도농역,도농역,MATCH_HIGH,1.0,0.0
1436,광주신안DT,광주신안DT,MATCH_HIGH,1.0,0.0
1483,울산대공원,울산대공원,MATCH_HIGH,1.0,0.0
1537,스타필드부천,스타필드부천,MATCH_HIGH,1.0,0.0
1554,울산번영로,울산번영로,MATCH_HIGH,1.0,0.0
1556,목동파리공원,목동파리공원,MATCH_HIGH,1.0,0.0
1559,부평삼거리역DT,부평삼거리역DT,MATCH_HIGH,1.0,0.0
1561,부산역아스티,부산역아스티,MATCH_HIGH,1.0,0.0
1589,평택안중DT,평택안중DT,MATCH_HIGH,1.0,0.0
1592,제주삼화DT,제주삼화DT,MATCH_HIGH,1.0,0.0
1628,신흥역,신흥역,MATCH_HIGH,1.0,0.0
1630,명지강변DT,명지강변DT,MATCH_HIGH,1.0,0.0
1634,용인고매동,용인고매동,MATCH_HIGH,1.0,0.0
1638,다산진건,다산진건,MATCH_HIGH,1.0,0.0
1639,송파헬리오시티,송파헬리오시티,MATCH_HIGH,1.0,0.0
1645,굽은다리역,굽은다리역,MATCH_HIGH,1.0,0.0
1425,원주명륜DT,원주명륜DT,MATCH_HIGH,1.0,0.0
1458,어린이대공원역,어린이대공원역,MATCH_HIGH,1.0,0.0
1469,익산모현,익산모현,MATCH_HIGH,1.0,0.0
1474,강동암사DT,강동암사DT,MATCH_HIGH,1.0,0.0
1498,기흥역AK R,기흥역AK R,MATCH_HIGH,1.0,0.0
1532,하남덕풍,하남덕풍,MATCH_HIGH,1.0,0.0
1567,제주외도DT,제주외도DT,MATCH_HIGH,1.0,0.0
1605,금정남산동DT,금정남산동DT,MATCH_HIGH,1.0,0.0
1629,주엽강선,주엽강선,MATCH_HIGH,1.0,0.0
1636,오산세교,오산세교,MATCH_HIGH,1.0,0.0
1637,금천구청역,금천구청역,MATCH_HIGH,1.0,0.0
1641,광주연제DT,광주연제DT,MATCH_HIGH,1.0,0.0
1650,압구정윤성빌딩,압구정윤성빌딩,MATCH_HIGH,1.0,0.0
1651,양주고읍DT,양주고읍DT,MATCH_HIGH,1.0,0.0
1652,거제대로DT,거제대로DT,MATCH_HIGH,1.0,0.0
1464,죽전단국대,죽전단국대,MATCH_HIGH,1.0,0.0
1470,화성향남,화성향남,MATCH_HIGH,1.0,0.0
1484,상계초교사거리,상계초교사거리,MATCH_HIGH,1.0,0.0
1504,영종하늘도시,영종하늘도시,MATCH_HIGH,1.0,0.0
1506,강동구청DT,강동구청DT,MATCH_HIGH,1.0,0.0
1513,남한산성입구역,남한산성입구역,MATCH_HIGH,1.0,0.0
1514,용인에버랜드,용인에버랜드,MATCH_HIGH,1.0,0.0
1517,미사역효성,미사역효성,MATCH_HIGH,1.0,0.0
1522,부산광복로,부산광복로,MATCH_HIGH,1.0,0.0
1534,김포아이앤씨,김포아이앤씨,MATCH_HIGH,1.0,0.0
1542,수원연무DT,수원연무DT,MATCH_HIGH,1.0,0.0
1584,경기광주송정DT,경기광주송정DT,MATCH_HIGH,1.0,0.0
1586,강릉송정DT,강릉송정DT,MATCH_HIGH,1.0,0.0
1587,광주효천DT,광주효천DT,MATCH_HIGH,1.0,0.0
1427,종로평창동,종로평창동,MATCH_HIGH,1.0,0.0
1432,동국대일산병원,동국대일산병원,MATCH_HIGH,1.0,0.0
1439,이수자이,이수자이,MATCH_HIGH,1.0,0.0
1490,상암YTN,상암YTN,MATCH_HIGH,1.0,0.0
1496,대한상공회의소R,대한상공회의소R,MATCH_HIGH,1.0,0.0
1497,의정부신곡DT,의정부신곡DT,MATCH_HIGH,1.0,0.0
1529,안성공도DT,안성공도DT,MATCH_HIGH,1.0,0.0
1564,철산역,철산역,MATCH_HIGH,1.0,0.0
1622,강북삼성병원,강북삼성병원,MATCH_HIGH,1.0,0.0
1631,시흥대야동,시흥대야동,MATCH_HIGH,1.0,0.0
1632,광주지원DT,광주지원DT,MATCH_HIGH,1.0,0.0
1633,울산호계DT,울산호계DT,MATCH_HIGH,1.0,0.0
1640,봉은사역,봉은사역,MATCH_HIGH,1.0,0.0
1463,아산배방,아산배방,MATCH_HIGH,1.0,0.0
1471,양산증산역,양산증산역,MATCH_HIGH,1.0,0.0
1493,인천송도,인천송도,MATCH_HIGH,1.0,0.0
1526,평택서정DT,평택서정DT,MATCH_HIGH,1.0,0.0
1535,충북증평,충북증평,MATCH_HIGH,1.0,0.0
1539,파주P.아울렛B1,,UNMATCHED,0.0,
1541,천안두정역DT,천안두정역DT,MATCH_HIGH,1.0,0.0
1601,대구앞산DT,대구앞산DT,MATCH_HIGH,1.0,0.0
1604,의왕청계DT,의왕청계DT,MATCH_HIGH,1.0,0.0
1619,수원세류DT,수원세류DT,MATCH_HIGH,1.0,0.0
1624,풍무사거리DT,풍무사거리DT,MATCH_HIGH,1.0,0.0
1646,여수학동DT,여수학동DT,MATCH_HIGH,1.0,0.0
1647,김해진영DT,김해진영DT,MATCH_HIGH,1.0,0.0
1649,인천청라한신,인천청라한신,MATCH_HIGH,1.0,0.0
1424,여주DT,여주DT,MATCH_HIGH,1.0,0.0
1473,이천증포DT,이천증포DT,MATCH_HIGH,1.0,0.0
1475,월계트레이더스,월계트레이더스,MATCH_HIGH,1.0,0.0
1477,천안서부대로DT,천안서부대로DT,MATCH_HIGH,1.0,0.0
1528,경희궁로,경희궁로,MATCH_HIGH,1.0,0.0
1594,금호역,금호역,MATCH_HIGH,1.0,0.0
1621,아산방축DT,아산방축DT,MATCH_HIGH,1.0,0.0
1654,명학역,명학역,MATCH_HIGH,1.0,0.0
1656,남가좌사거리,남가좌사거리,MATCH_HIGH,1.0,0.0
1446,스타필드위례1FR,스타필드위례1FR,MATCH_HIGH,1.0,0.0
1460,청주용암DT,청주용암DT,MATCH_HIGH,1.0,0.0
1461,영통R,영통R,MATCH_HIGH,1.0,0.0
1462,영등포역,영등포역,MATCH_HIGH,1.0,0.0
1468,대치재경빌딩,대치재경빌딩,MATCH_HIGH,1.0,0.0
1481,인천동춘DT,인천동춘DT,MATCH_HIGH,1.0,0.0
1494,광주신세계DT,광주신세계DT,MATCH_HIGH,1.0,0.0
1503,용인죽전,용인죽전,MATCH_HIGH,1.0,0.0
1508,불광역,불광역,MATCH_HIGH,1.0,0.0
1525,광주주월DT,광주주월DT,MATCH_HIGH,1.0,0.0
1530,광주월산DT,광주월산DT,MATCH_HIGH,1.0,0.0
1544,건국대,건국대,MATCH_HIGH,1.0,0.0
1545,광주동명,광주동명,MATCH_HIGH,1.0,0.0
1548,원흥역,원흥역,MATCH_HIGH,1.0,0.0
1549,기장역DT,기장역DT,MATCH_HIGH,1.0,0.0
1445,명일역,명일역,MATCH_HIGH,1.0,0.0
1448,청주사직DT,청주사직DT,MATCH_HIGH,1.0,0.0
1459,구미상모DT,구미상모DT,MATCH_HIGH,1.0,0.0
1465,일산애니골DT,일산애니골DT,MATCH_HIGH,1.0,0.0
1466,보라매공원R,보라매공원R,MATCH_HIGH,1.0,0.0
1531,용인김량장DT,용인김량장DT,MATCH_HIGH,1.0,0.0
1588,화성봉담,화성봉담,MATCH_HIGH,1.0,0.0
1635,광주선운DT,광주선운DT,MATCH_HIGH,1.0,0.0
1642,삼송역,삼송역,MATCH_HIGH,1.0,0.0
1643,하남황산사거리,하남황산사거리,MATCH_HIGH,1.0,0.0
1644,용인언남,용인언남,MATCH_HIGH,1.0,0.0
1648,안양범계,안양범계,MATCH_HIGH,1.0,0.0
1653,부산교대역DT,부산교대역DT,MATCH_HIGH,1.0,0.0
1454,마산역DT,마산역DT,MATCH_HIGH,1.0,0.0
1478,양주덕정역DT,양주덕정역DT,MATCH_HIGH,1.0,0.0
1479,판교알파돔타워,판교알파돔타워,MATCH_HIGH,1.0,0.0
1489,인천청라센트럴,인천청라센트럴,MATCH_HIGH,1.0,0.0
1491,사상주례DT,사상주례DT,MATCH_HIGH,1.0,0.0
1540,미아이마트,미아이마트,MATCH_HIGH,1.0,0.0
1543,동대문두타,동대문두타,MATCH_HIGH,1.0,0.0
1547,발산역사거리,발산역사거리,MATCH_HIGH,1.0,0.0
1550,방배로,방배로,MATCH_HIGH,1.0,0.0
1552,국립대구박물관DT,국립대구박물관DT,MATCH_HIGH,1.0,0.0
1557,경인교대입구역DT,경인교대입구역DT,MATCH_HIGH,1.0,0.0
1558,판교유스페이스,판교유스페이스,MATCH_HIGH,1.0,0.0
1563,전북대병원DT,전북대병원DT,MATCH_HIGH,1.0,0.0
1565,스타필드명지,스타필드명지,MATCH_HIGH,1.0,0.0
1443,대구그랜드호텔R,대구그랜드호텔R,MATCH_HIGH,1.0,0.0
1480,지행역,지행역,MATCH_HIGH,1.0,0.0
1482,남양주연평DT,남양주연평DT,MATCH_HIGH,1.0,0.0
1492,전주송천DT,전주송천DT,MATCH_HIGH,1.0,0.0
1500,관악서울대입구R,관악서울대입구R,MATCH_HIGH,1.0,0.0
1521,서면중앙대로R,서면중앙대로R,MATCH_HIGH,1.0,0.0
1562,안양역R,안양역R,MATCH_HIGH,1.0,0.0
1568,수원금곡,수원금곡,MATCH_HIGH,1.0,0.0
1575,포항죽도DT,포항죽도DT,MATCH_HIGH,1.0,0.0
1598,밀양DT,밀양DT,MATCH_HIGH,1.0,0.0
1623,광주오치,광주오치,MATCH_HIGH,1.0,0.0
1655,서울역서부,서울역서부,MATCH_HIGH,1.0,0.0
1657,상도역,상도역,MATCH_HIGH,1.0,0.0
1447,순천연향,순천연향,MATCH_HIGH,1.0,0.0
1450,경기광주신현DT,경기광주신현DT,MATCH_HIGH,1.0,0.0
1457,공주동학사DT,공주동학사DT,MATCH_HIGH,1.0,0.0
1487,원주반곡DT,원주반곡DT,MATCH_HIGH,1.0,0.0
1495,샛강역,샛강역,MATCH_HIGH,1.0,0.0
1499,천안불당DT,천안불당DT,MATCH_HIGH,1.0,0.0
1501,당진시곡DT,당진시곡DT,MATCH_HIGH,1.0,0.0
1519,남양산IC DT,남양산IC DT,MATCH_HIGH,1.0,0.0
1555,서강대프라자,서강대프라자,MATCH_HIGH,1.0,0.0
1560,부산역라마다,부산역라마다,MATCH_HIGH,1.0,0.0
1566,춘천구봉산R,춘천구봉산R,MATCH_HIGH,1.0,0.0
1578,제주협재,제주협재,MATCH_HIGH,1.0,0.0
1580,북오산IC DT,북오산IC DT,MATCH_HIGH,1.0,0.0
1581,제주도남DT,제주도남DT,MATCH_HIGH,1.0,0.0
1502,평택비전,평택비전,MATCH_HIGH,1.0,0.0
1510,가재울뉴타운,가재울뉴타운,MATCH_HIGH,1.0,0.0
1523,경남사천DT,경남사천DT,MATCH_HIGH,1.0,0.0
1524,하남미사DT,하남미사DT,MATCH_HIGH,1.0,0.0
1527,국기원사거리,국기원사거리,MATCH_HIGH,1.0,0.0
1533,남성역,남성역,MATCH_HIGH,1.0,0.0
1538,화성시청,화성시청,MATCH_HIGH,1.0,0.0
1551,타임스퀘어R,타임스퀘어R,MATCH_HIGH,1.0,0.0
1553,노량진동,노량진동,MATCH_HIGH,1.0,0.0
1569,을지로4가역,을지로4가역,MATCH_HIGH,1.0,0.0
1570,군산나운DT,군산나운DT,MATCH_HIGH,1.0,0.0
1571,길음역,길음역,MATCH_HIGH,1.0,0.0
1572,효창공원앞역,효창공원앞역,MATCH_HIGH,1.0,0.0
1573,대구영대병원역DT,대구영대병원역DT,MATCH_HIGH,1.0,0.0
1574,대전터미널DT,대전터미널DT,MATCH_HIGH,1.0,0.0
1429,혜화역,혜화역,MATCH_HIGH,1.0,0.0
1440,광주운남DT,광주운남DT,MATCH_HIGH,1.0,0.0
1453,의정부예술의전당DT,의정부예술의전당DT,MATCH_HIGH,1.0,0.0
1476,송파나루역DT,송파나루역DT,MATCH_HIGH,1.0,0.0
1486,용인상하DT,용인상하DT,MATCH_HIGH,1.0,0.0
1511,창동이마트,창동이마트,MATCH_HIGH,1.0,0.0
1582,부산송도해수욕장,부산송도해수욕장,MATCH_HIGH,1.0,0.0
1591,풍무역DT,풍무역DT,MATCH_HIGH,1.0,0.0
1595,신사역성일빌딩,신사역성일빌딩,MATCH_HIGH,1.0,0.0
1596,소노캄고양,소노캄고양,MATCH_HIGH,1.0,0.0
1599,청주비하DT,청주비하DT,MATCH_HIGH,1.0,0.0
1602,천안백석,천안백석,MATCH_HIGH,1.0,0.0
1607,배곧아브뉴프랑,배곧아브뉴프랑,MATCH_HIGH,1.0,0.0
1431,광교엘포트R,광교엘포트R,MATCH_HIGH,1.0,0.0
1434,논현역사거리,논현역사거리,MATCH_HIGH,1.0,0.0
1437,광교역,광교역,MATCH_HIGH,1.0,0.0
1442,김해구산DT,김해구산DT,MATCH_HIGH,1.0,0.0
1449,과천DT,과천DT,MATCH_HIGH,1.0,0.0
1451,산본사거리,산본사거리,MATCH_HIGH,1.0,0.0
1455,수원법조타운,수원법조타운,MATCH_HIGH,1.0,0.0
1507,창원상남로,창원상남로,MATCH_HIGH,1.0,0.0
1512,계명대동산병원,계명대동산병원,MATCH_HIGH,1.0,0.0
1576,서울숲역,서울숲역,MATCH_HIGH,1.0,0.0
1577,광주지산DT,광주지산DT,MATCH_HIGH,1.0,0.0
1579,충남보령DT,충남보령DT,MATCH_HIGH,1.0,0.0
1585,양주송추DT,양주송추DT,MATCH_HIGH,1.0,0.0
1597,충주호암DT,충주호암DT,MATCH_HIGH,1.0,0.0
1444,안성석정DT,안성석정DT,MATCH_HIGH,1.0,0.0
1452,인천스퀘어원,인천스퀘어원,MATCH_HIGH,1.0,0.0
1456,대구수성도서관DT,대구수성도서관DT,MATCH_HIGH,1.0,0.0
1488,천안신부,천안신부,MATCH_HIGH,1.0,0.0
1505,세종다정DT,세종다정DT,MATCH_HIGH,1.0,0.0
1509,역삼아레나빌딩,역삼아레나빌딩,MATCH_HIGH,1.0,0.0
1515,양주옥정타운,양주옥정타운,MATCH_HIGH,1.0,0.0
1516,천안서북이마트,천안서북이마트,MATCH_HIGH,1.0,0.0
1520,여수해양공원,여수해양공원,MATCH_HIGH,1.0,0.0
1613,부천상동역,부천상동역,MATCH_HIGH,1.0,0.0
1615,경기광주쌍령DT,경기광주쌍령DT,MATCH_HIGH,1.0,0.0
1617,용인세브란스병원,용인세브란스병원,MATCH_HIGH,1.0,0.0
1620,다산지금,다산지금,MATCH_HIGH,1.0,0.0
1426,숭례문북창,숭례문북창,MATCH_HIGH,1.0,0.0
1430,검단사거리역,검단사거리역,MATCH_HIGH,1.0,0.0
1433,광명하안대로,광명하안대로,MATCH_HIGH,1.0,0.0
1472,연합뉴스,연합뉴스,MATCH_HIGH,1.0,0.0
1518,목포터미널DT,목포터미널DT,MATCH_HIGH,1.0,0.0
1536,마산회원DT,마산회원DT,MATCH_HIGH,1.0,0.0
1546,낙성대역,낙성대역,MATCH_HIGH,1.0,0.0
1603,평촌역DT,평촌역DT,MATCH_HIGH,1.0,0.0
1608,청주이마트,청주이마트,MATCH_HIGH,1.0,0.0
1609,시흥대야DT,시흥대야DT,MATCH_HIGH,1.0,0.0
1610,수원경수인계DT,수원경수인계DT,MATCH_HIGH,1.0,0.0
1611,호계지식산업센터,호계지식산업센터,MATCH_HIGH,1.0,0.0
1614,안동이마트,안동이마트,MATCH_HIGH,1.0,0.0
1616,월계역,월계역,MATCH_HIGH,1.0,0.0
1618,광교갤러리아9F,광교갤러리아9F,MATCH_HIGH,1.0,0.0
2185,전주시청,전주시청,MATCH_HIGH,1.0,0.0
