,시군구,매장명,유형,개점일(추정),운영상태,폐점일,도로명주소,DT여부,리저브
167,해운대구,하버타운,General,2001-05-17,OPERATING,,부산광역시 해운대구 해운대해변로 257 (우동),false,false
166,수영구,광안리,General,2002-05-29,OPERATING,,부산광역시 수영구 광안해변로 247 (민락동),false,false
165,남구,경성대,General,2004-07-16,OPERATING,,부산광역시 남구 수영로 312 (대연동),false,false
164,해운대구,장산역,General,2005-09-23,OPERATING,,부산광역시 해운대구 해운대로 802 (좌동),false,false
163,해운대구,벡스코,General,2007-02-14,OPERATING,,"부산광역시 해운대구 APEC로 55, 벡스코내 (우동)",false,false
162,해운대구,팔레드시즈,General,2008-07-28,OPERATING,,"부산광역시 해운대구 해운대해변로298번길 24, 팔래드시즈 1-3호 (중동)",false,false
161,부산진구,서면중앙,General,2011-01-11,OPERATING,,부산광역시 부산진구 서면로68번길 1 (부전동),false,false
160,중구,남포동역,General,2011-03-29,OPERATING,,"부산광역시 중구 구덕로 4, 1~2층 (광복동1가)",false,false
159,금정구,금정이마트,General,2011-07-28,OPERATING,,부산광역시 금정구 중앙대로1841번길 24 (구서동),false,false
158,부산진구,서면센트럴스퀘어,General,2011-08-26,OPERATING,,부산광역시 부산진구 중앙대로666번길 50 (부전동),false,false
157,부산진구,서면트레이더스,General,2011-08-30,OPERATING,,부산광역시 부산진구 시민공원로 31 (부암동),false,false
156,해운대구,월드마크센텀,General,2011-09-09,OPERATING,,"부산광역시 해운대구 센텀동로 25, 1층 (우동)",false,false
155,부산진구,부전역,General,2011-11-25,OPERATING,,"부산광역시 부산진구 중앙대로 777, 서면호텔 복합시설1,2층 (부전동)",false,false
154,강서구,명지오션시티,General,2012-01-31,OPERATING,,부산광역시 강서구 명지오션시티11로 66 (명지동),false,false
152,해운대구,센텀드림월드,General,2012-03-28,OPERATING,,"부산광역시 해운대구 센텀2로 25, 센텀드림월드 1층 (우동)",false,false
153,해운대구,제니스스퀘어,General,2012-03-28,OPERATING,,"부산광역시 해운대구 마린시티2로 33, 제니스스퀘어 (우동)",false,false
151,사하구,하단중앙,General,2012-04-06,OPERATING,,부산광역시 사하구 낙동남로 1411 (하단동),false,false
150,해운대구,해운대이마트,General,2012-04-18,OPERATING,,부산광역시 해운대구 좌동순환로 511 (중동) 1층,false,false
149,해운대구,마린시티아이파크,General,2012-06-29,OPERATING,,부산광역시 해운대구 마린시티2로 38 (우동),false,false
148,동래구,부산온천장역,General,2012-12-21,OPERATING,,"부산광역시 동래구 중앙대로 1523, SK허브스카이위아아파트 1층 (온천동)",false,false
146,해운대구,센텀KNN,General,2013-01-09,OPERATING,,부산광역시 해운대구 센텀서로 30 (우동),false,false
147,사하구,부산괴정역,General,2013-01-09,OPERATING,,부산광역시 사하구 사하로186번길 6 (괴정동),false,false
145,부산진구,서면메디컬거리,General,2013-01-17,OPERATING,,"부산광역시 부산진구 가야대로 783-1, 1층 (부전동)",false,false
144,서구,부산동대신역,General,2013-02-28,OPERATING,,부산광역시 서구 구덕로322번길 7 (동대신동3가),false,false
143,북구,부산화명역,General,2013-07-23,OPERATING,,부산광역시 북구 금곡대로285번길 5 (화명동),false,false
142,해운대구,부산송정비치,General,2013-08-09,OPERATING,,부산광역시 해운대구 송정해변로 36 (송정동),false,false
141,부산진구,부산서면,General,2013-08-22,OPERATING,,부산광역시 부산진구 중앙대로692번길 46-10 (부전동),false,false
140,기장군,부산정관,General,2013-09-30,OPERATING,,부산광역시 기장군 정관읍 정관로 579,false,false
139,남구,부산대연역,General,2013-10-31,OPERATING,,"부산광역시 남구 수영로 240-1, 1층 (대연동)",false,false
138,부산진구,부산서면중앙로,General,2013-11-15,OPERATING,,부산광역시 부산진구 중앙대로 701 (부전동),false,false
137,금정구,부산대역,General,2013-12-20,OPERATING,,"부산광역시 금정구 장전로12번길 64, 1~4층 (장전동)",false,false
136,북구,부산덕천역,General,2013-12-23,OPERATING,,부산광역시 북구 만덕대로 30 (덕천동),false,false
134,연제구,부산교대,General,2014-02-20,OPERATING,,부산광역시 연제구 교대로 20-2 (거제동),false,false
135,부산진구,서면서전로,General,2014-02-20,OPERATING,,부산광역시 부산진구 서전로 19 (부전동),false,false
133,해운대구,센텀그린타워,General,2014-03-27,OPERATING,,부산광역시 해운대구 센텀중앙로 78 (우동),false,false
132,금정구,부산대정문,General,2014-05-28,OPERATING,,부산광역시 금정구 부산대학로64번길 12 (장전동),false,false
131,연제구,부산연산역,General,2014-06-26,OPERATING,,부산광역시 연제구 반송로 20 (연산동),false,false
130,해운대구,센텀신세계B1,General,2014-07-15,OPERATING,,부산광역시 해운대구 센텀남대로 35 (우동) 센텀시티 신세계UEC,false,false
129,해운대구,해운대달맞이DT,DT,2014-08-08,OPERATING,,부산광역시 해운대구 달맞이길 57 (중동) 1~3층,true,false
128,중구,부산중앙역,General,2014-08-25,OPERATING,,부산광역시 중구 중앙대로81번길 2 (중앙동4가),false,false
127,부산진구,서면전포역,General,2014-10-21,OPERATING,,부산광역시 부산진구 전포대로199번길 27 (전포동),false,false
126,서구,부민사거리,General,2014-11-18,OPERATING,,부산광역시 서구 구덕로 212 (부민동1가),false,false
125,동래구,동래미남DT,DT,2014-12-12,OPERATING,,부산광역시 동래구 충렬대로 101 (온천동),true,false
124,부산진구,부산개금역,General,2014-12-18,OPERATING,,부산광역시 부산진구 가야대로 462 (개금동),false,false
123,남구,BIFC Mall,General,2015-05-29,OPERATING,,부산광역시 남구 문현금융로 40 (문현동) 부산국제금융센터,false,false
122,동래구,부산안락DT,DT,2015-06-25,OPERATING,,부산광역시 동래구 충렬대로 446 (안락동),true,false
121,해운대구,센텀로,General,2015-08-20,OPERATING,,부산광역시 해운대구 센텀2로 10 (우동) 센텀메디컬센타 1층 스타벅스 센텀로점,false,false
120,수영구,수영망미DT,DT,2016-01-15,OPERATING,,부산광역시 수영구 과정로 68 (망미동),true,false
119,부산진구,동의대역,General,2016-03-29,OPERATING,,부산광역시 부산진구 가야대로 589 (가야제1동),false,false
118,해운대구,해운대,General,2016-04-19,OPERATING,,부산광역시 해운대구 구남로 49 (중동) 101호,false,false
117,사하구,을숙도강변DT,DT,2016-06-30,OPERATING,,부산광역시 사하구 하신번영로 381-6 (하단동),true,false
116,수영구,광안비치,General,2016-07-26,OPERATING,,부산광역시 수영구 광안로62번길 39 (광안동),false,false
115,해운대구,부산재송DT,DT,2016-08-12,OPERATING,,부산광역시 해운대구 해운대로 189 (재송동),true,false
114,기장군,동부산DT,DT,2016-08-18,OPERATING,,부산광역시 기장군 기장읍 기장해안로 56,true,false
113,동래구,사직구장,General,2016-11-18,OPERATING,,부산광역시 동래구 사직북로 4 (사직동),false,false
112,수영구,금련산역,General,2017-02-28,OPERATING,,부산광역시 수영구 수영로464번길 6 (남천동),false,false
111,수영구,수영역,General,2017-03-03,OPERATING,,부산광역시 수영구 수영로 671 (광안동),false,false
110,중구,자갈치역,General,2017-03-16,OPERATING,,부산광역시 중구 구덕로 54-1 (남포동5가),false,false
109,남구,동명대DT,DT,2017-03-30,OPERATING,,부산광역시 남구 신선로 423 (용당동),true,false
108,동래구,명륜역,General,2017-06-22,OPERATING,,부산광역시 동래구 동래로 25,false,false
107,연제구,연산시티타워,General,2017-06-29,OPERATING,,부산광역시 연제구 중앙대로 1125 (연산동),false,false
106,중구,국제시장,General,2017-07-26,OPERATING,,부산광역시 중구 대청로 80 (대청동3가),false,false
105,해운대구,해운대역,General,2017-09-27,OPERATING,,부산광역시 해운대구 구남로 9 (우동),false,false
104,사상구,동서대DT,DT,2017-09-28,OPERATING,,부산광역시 사상구 가야대로 338 (주례동),true,false
103,금정구,온천장역DT,DT,2017-11-09,OPERATING,,부산광역시 금정구 식물원로 13 (장전동),true,false
102,해운대구,수영강변DT,DT,2017-12-21,OPERATING,,부산광역시 해운대구 수영강변대로 516 (반여동),true,false
101,해운대구,센텀파크,General,2018-03-16,OPERATING,,"부산광역시 해운대구 센텀중앙로 145 (재송동, 더샵센텀파크1차아파트)",false,false
100,수영구,광안수변공원,General,2018-05-10,OPERATING,,부산광역시 수영구 민락수변로 29 (민락동),false,false
99,사하구,다대포DT,DT,2018-06-15,OPERATING,,부산광역시 사하구 다대로 493 (다대동),true,false
97,부산진구,서면로R,Reserve,2018-07-31,OPERATING,,부산광역시 부산진구 서면로 49-1 (부전동),false,true
98,남구,용호동W스퀘어,General,2018-07-31,OPERATING,,"부산광역시 남구 분포로 145 (용호동) 더블유스퀘어동 1019호,1020호,1021호,2011호 2012호",false,false
96,동래구,동래역,General,2018-08-06,OPERATING,,부산광역시 동래구 충렬대로181번길 42 (명륜동),false,false
95,해운대구,해운대동백,General,2018-08-07,OPERATING,,"부산광역시 해운대구 해운대해변로 197 (우동, 해운대경동제이드아파트)",false,false
93,금정구,금정구청DT,DT,2018-08-16,OPERATING,,부산광역시 금정구 중앙대로 1730 (부곡동),true,false
94,강서구,명지국제신도시,General,2018-08-16,OPERATING,,부산광역시 강서구 명지국제5로 42 (명지동),false,false
92,사상구,사상주례DT,DT,2019-05-08,OPERATING,,부산광역시 사상구 백양대로 520 (주례동),true,false
91,부산진구,서면중앙대로R,Reserve,2019-07-05,OPERATING,,부산광역시 부산진구 중앙대로 672 (부전동) 1층 2층,false,true
90,중구,부산광복로,General,2019-08-20,OPERATING,,부산광역시 중구 광복중앙로 8-2 (광복동3가),false,false
89,강서구,스타필드명지,General,2019-10-29,OPERATING,,부산광역시 강서구 명지국제6로 168 스타필드 명지 1층,false,false
87,기장군,기장역DT,DT,2019-11-07,OPERATING,,부산광역시 기장군 기장읍 기장대로 527,true,false
88,동구,부산역라마다,General,2019-11-07,OPERATING,,부산광역시 동구 중앙대로196번길 10 (초량동),false,false
86,동구,부산역아스티,General,2019-11-12,OPERATING,,부산광역시 동구 중앙대로214번길 7-8 (초량동),false,false
85,서구,부산송도해수욕장,General,2019-12-23,OPERATING,,"부산광역시 서구 송도해변로 97(101,102,201) (암남동)",false,false
84,금정구,금정남산동DT,DT,2020-02-06,OPERATING,,부산광역시 금정구 중앙대로 1989 (남산동),true,false
83,강서구,명지강변DT,DT,2020-04-16,OPERATING,,부산광역시 강서구 르노삼성대로 620 (명지동),true,false
82,연제구,부산교대역DT,DT,2020-06-25,OPERATING,,부산광역시 연제구 중앙대로 1250 (거제동),true,false
81,부산진구,서면문화로,General,2020-06-26,OPERATING,,부산광역시 부산진구 서면문화로 10 (부전동),false,false
80,해운대구,해운대중동역,General,2020-07-09,OPERATING,,부산광역시 해운대구 좌동순환로 6 (중동),false,false
79,북구,화명강변DT,DT,2020-07-15,OPERATING,,부산광역시 북구 금곡대로77 (덕천동),true,false
78,부산진구,서면엠디엠타워,General,2020-09-03,OPERATING,,부산광역시 부산진구 중앙대로 639 (범천동),false,false
77,해운대구,그랜드조선 부산,General,2020-10-07,OPERATING,,부산광역시 해운대구 해운대해변로 292 (중동),false,false
76,동구,범일동일타워,General,2020-10-08,OPERATING,,부산광역시 동구 조방로 14 (범일동),false,false
75,해운대구,해운대 엑스더스카이,General,2020-11-12,OPERATING,,부산광역시 해운대구 달맞이길30,false,false
74,해운대구,해운대좌동,General,2020-12-10,OPERATING,,부산광역시 해운대구 좌동순환로 178 (좌동),false,false
73,해운대구,해운대NC,General,2021-02-04,OPERATING,,부산광역시 해운대구 해운대로 813 (좌동),false,false
72,연제구,연산트레이더스,General,2021-02-08,OPERATING,,부산광역시 연제구 좌수영로 241 연산동,false,false
71,영도구,영도대교,General,2021-03-05,OPERATING,,부산광역시 영도구 태종로 39 (대교동1가),false,false
70,강서구,명지퍼스트월드,General,2021-03-31,OPERATING,,"부산광역시 강서구 명지국제7로 37 (명지동, 더샵 명지퍼스트월드 2단지)",false,false
69,남구,부산대연못골,General,2021-04-20,OPERATING,,부산광역시 남구 못골로 87 (대연동),false,false
68,북구,부산만덕DT,DT,2021-04-28,OPERATING,,부산광역시 북구 만덕대로 323 (만덕동),true,false
67,해운대구,센텀몰1F,General,2021-05-13,OPERATING,,부산광역시 해운대구 센텀4로 15 (우동),false,false
66,금정구,금정구서,General,2021-06-17,OPERATING,,부산광역시 금정구 금강로 441 (구서동),false,false
65,기장군,동부산테마파크,General,2021-06-30,OPERATING,,부산광역시 기장군 기장읍 동부산관광로 34,false,false
64,해운대구,센텀신세계3F,General,2021-07-08,OPERATING,,부산광역시 해운대구 센텀남대로 35 (우동),false,false
63,사상구,사상엄궁DT,DT,2021-07-15,OPERATING,,부산광역시 사상구 낙동대로 744 (엄궁동),true,false
62,사하구,사하장림DT,DT,2021-09-17,OPERATING,,부산광역시 사하구 을숙도대로 682 (장림동),true,false
0,중구,BIFF광장,General,2021-10-31,CLOSED,2024-06-08,부산광역시 중구 비프광장로 25 (남포동3가),false,false
1,수영구,남천,General,2021-10-31,CLOSED,2026-09-25,부산광역시 수영구 남천바다로 38 (남천동),false,false
2,남구,대연힐스테이트,General,2021-10-31,CLOSED,2022-04-10,부산광역시 남구 수영로 345 대연힐스테이트 115동 121호,false,false
3,해운대구,더해운대R,Reserve,2021-10-31,CLOSED,2024-02-18,"부산광역시 해운대구 해운대해변로 197 (우동, 해운대경동제이드아파트)",false,true
4,해운대구,베네시티,General,2021-10-31,CLOSED,2024-02-18,부산광역시 해운대구 해운대해변로 163 (우동),false,false
5,중구,부산광복로R,Reserve,2021-10-31,CLOSED,2024-02-18,부산광역시 중구 광복중앙로 8-2 (광복동3가),false,true
6,연제구,부산교대역,General,2021-10-31,CLOSED,2024-02-18,부산광역시 연제구 명륜로 3 (거제제1동) 한양프라자,false,false
7,금정구,부산대,General,2021-10-31,CLOSED,2023-03-01,"부산광역시 금정구 금정로68번길 2, 건우빌딩 (장전동)",false,false
8,사하구,부산동아대,General,2021-10-31,CLOSED,2023-03-01,부산광역시 사하구 낙동대로550번길 14 (하단동) 1~3층,false,false
9,동래구,부산사직,General,2021-10-31,CLOSED,2026-09-25,부산광역시 동래구 사직북로 24 (사직동),false,false
10,금정구,부산외대,General,2021-10-31,CLOSED,2023-03-01,부산광역시 금정구 금샘로 459,false,false
11,사하구,부산하단,General,2021-10-31,CLOSED,2024-02-18,부산광역시 사하구 낙동대로 455 (하단동),false,false
12,해운대구,블루스퀘어,General,2021-10-31,CLOSED,2024-02-18,부산광역시 해운대구 좌동로 96 (좌동),false,false
13,사상구,사상역,General,2021-10-31,CLOSED,2025-08-27,부산광역시 사상구 사상로 211 (괘법동),false,false
14,부산진구,서면NC,General,2021-10-31,CLOSED,2024-06-08,부산광역시 부산진구 동천로 92 (전포동) NC백화점 1층,false,false
15,부산진구,서면역,General,2021-10-31,CLOSED,2026-09-25,부산광역시 부산진구 서전로 1 (부전동),false,false
16,해운대구,센텀시티역,General,2021-10-31,CLOSED,2025-08-27,"부산광역시 해운대구 센텀동로 9, 트럼프월드센텀아파트 1층 (우동)",false,false
17,해운대구,신세계마린시티,General,2021-10-31,CLOSED,2021-12-17,부산광역시 해운대구 마린시티2로 38 (우동),false,false
18,연제구,연산중앙로,General,2021-10-31,CLOSED,2025-08-27,부산광역시 연제구 중앙대로 1091 (연산동),false,false
19,해운대구,해운대달맞이,General,2021-10-31,CLOSED,2026-09-25,부산광역시 해운대구 달맞이길 189 (중동),false,true
61,연제구,부산시청,General,2021-12-09,OPERATING,,부산광역시 연제구 중앙천로 93 (연산동),false,false
60,서구,동아대병원,General,2022-01-20,OPERATING,,부산광역시 서구 동대로 8 (동대신동3가),false,false
59,동래구,부산동래,General,2022-05-04,OPERATING,,부산광역시 동래구 충렬대로 194 (명륜동),false,false
58,사상구,삼락강변DT,DT,2022-06-16,OPERATING,,부산광역시 사상구 낙동대로 1306 (삼락동),true,false
57,영도구,영도청학DT,DT,2022-07-21,OPERATING,,부산광역시 영도구 태종로 373 (청학동),true,false
56,사상구,부산사상로,General,2022-08-18,OPERATING,,부산광역시 사상구 사상로 200 (괘법동) 105호,false,false
55,북구,부산구남역DT,DT,2022-09-22,OPERATING,,부산광역시 북구 백양대로 1040 (구포동),true,false
54,수영구,밀락더마켓,General,2022-09-29,OPERATING,,부산광역시 수영구 민락수변로17번길 56 (민락동),false,false
53,사상구,사상이마트,General,2023-02-09,OPERATING,,부산광역시 사상구 광장로 17 (괘법동),false,false
52,기장군,기장일광DT,DT,2023-02-16,OPERATING,,부산광역시 기장군 일광읍 기장대로 706,true,false
51,동래구,동래허심청,General,2023-02-28,OPERATING,,부산광역시 동래구 온천장로107번길 32 (온천동) 1층,false,false
49,금정구,부산서동,General,2023-03-23,OPERATING,,부산광역시 금정구 서동로 173 (서동),false,false
50,부산진구,초읍대공원,General,2023-03-23,OPERATING,,부산광역시 부산진구 성지곡로 6 (초읍동),false,false
48,연제구,연제이마트,General,2023-04-06,OPERATING,,부산광역시 연제구 연수로 89 (연산동),false,false
47,해운대구,부산성모안과병원,General,2023-07-27,OPERATING,,부산광역시 해운대구 해운대로 409 (우동),false,false
46,수영구,남천더샵,General,2023-08-24,OPERATING,,"부산광역시 수영구 수영로 389 (남천동, 더샵 남천프레스티지)",false,false
45,기장군,정관신도시DT,DT,2023-09-22,OPERATING,,부산광역시 기장군 정관읍 모전로 101,true,false
44,강서구,강서녹산DT,DT,2023-11-09,OPERATING,,부산광역시 강서구 낙동남로511번길 42 (녹산동),true,false
43,기장군,기장임랑원,General,2023-11-16,OPERATING,,부산광역시 기장군 장안읍 임랑해안길 10,false,false
42,해운대구,엘시티,General,2024-01-04,OPERATING,,"부산광역시 해운대구 달맞이길 30 (중동, 엘시티) 1021호, 1022호, 1023호",false,false
41,남구,부산유엔공원,General,2024-02-07,OPERATING,,부산광역시 남구 유엔로 200 (대연동),false,false
40,연제구,연산교차로,General,2024-06-05,OPERATING,,부산광역시 연제구 중앙대로 1098 (연산동),false,false
39,중구,부산비프광장,General,2024-06-28,OPERATING,,부산광역시 중구 비프광장로 33 (남포동3가),false,false
38,남구,용호빌리브,General,2024-08-02,OPERATING,,부산광역시 남구 분포로 61 (용호동) 빌리브센트로 제B동 101호~106호,false,false
36,동래구,부산미남역,General,2024-09-12,OPERATING,,부산광역시 동래구 석사북로 108 (온천동),false,false
37,기장군,부산P.아울렛,General,2024-09-12,OPERATING,,부산광역시 기장군 장안읍 정관로 1133,false,false
35,남구,문현이마트,General,2024-09-27,OPERATING,,부산광역시 남구 전포대로91번길 47 (문현동),false,false
33,연제구,부산거제DT,DT,2024-12-12,OPERATING,,부산광역시 연제구 거제대로 203 (거제동),true,false
34,사상구,부산사상광장로,General,2024-12-12,OPERATING,,부산광역시 사상구 광장로 22 (괘법동),false,false
32,수영구,센텀수영DT,DT,2025-01-03,OPERATING,,부산광역시 수영구 좌수영로 151 (망미동),true,false
30,동구,부산초량역,General,2025-05-29,OPERATING,,부산광역시 동구 중앙대로 244 (초량동) 1층 일부,false,false
31,사하구,하단역2번출구,General,2025-05-29,OPERATING,,부산광역시 사하구 낙동남로 1398 (하단동),false,false
29,동구,부산역3번출구,General,2025-12-19,OPERATING,,부산광역시 동구 중앙대로 191 (초량동) 1층,false,false
28,서구,부산대병원,General,2025-12-22,OPERATING,,부산광역시 서구 구덕로 179 (아미동1가) 부산대학교병원 A동(본관) 1층 일부,false,false
27,사하구,다대포해수욕장,General,2026-01-30,OPERATING,,"부산광역시 사하구 다대로 716 (다대동) 지하 1층, 1층",false,false
26,남구,부산성모병원,General,2026-03-27,OPERATING,,부산광역시 남구 용호로232번길 25-14 (용호동) 1층,false,false
25,남구,BIFC2,General,2026-03-31,OPERATING,,부산광역시 남구 남동천로 128 (문현동) 부산국제금융센터2주건축물제1동 키오스크01호,false,false
24,서구,부산대병원C동,General,2026-04-20,OPERATING,,부산광역시 서구 구덕로 179 (아미동1가) 부산대학교병원 C동(암센터) 1층 일부,false,false
22,동래구,부산사직역,General,2026-05-29,OPERATING,,부산광역시 동래구 아시아드대로 141 (사직동),false,false
23,부산진구,부산양정,General,2026-05-29,OPERATING,,부산광역시 부산진구 양지로 1 (양정동),false,false
20,강서구,부산신호,General,2026-06-30,OPERATING,,부산광역시 강서구 신호사로 47 (신호동),false,false
21,부산진구,부산초읍,General,2026-06-30,OPERATING,,부산광역시 부산진구 새싹로 210 (초읍동),false,false
